,FORMULA,T (K),Cp (J/molK)
4209,O2Ti1,1500.0,76.944
573,Be1F4Li2,800.0,210.1
2494,N0.465V1,300.0,28.971
3654,I1K1,700.0,59.777
4538,W1,1500.0,29.862
1062,Br1Na1,1300.0,64.852
4533,W1,2000.0,32.254
4351,O4Si1Zr1,400.0,114.642
3137,Nb1,2200.0,35.187
1764,Be3N2,1600.0,129.269
3227,Nb1O2,800.0,79.49600000000001
2694,Na2O3Si1,1000.0,169.423
1168,Fe0.877S1,1500.0,72.676
3746,Mg1,1000.0,33.46
2907,N1Ti1,2200.0,62.655
3173,O3Ti2,1700.0,151.921
1561,H3O4P1,298.0,106.064
862,C1Be2,1500.0,88.881
1082,Cr2O3,2200.0,139.947
3342,O4V2,340.0,123.336
1187,Cl1Na1,1100.0,68.325
1765,Be3N2,1500.0,129.047
4324,O4S1Zn1,300.0,99.37
3090,Nb1O1,1900.0,59.73
1464,Cl2Cu1,1000.0,82.37
3052,O1Ti1,1500.0,68.241
232,Br3Zr1,300.0,99.562
3708,Li2O4S1,400.0,139.244
2608,Mo1S2,900.0,77.278
4250,O2Zr1,1000.0,75.747
3715,Li2O5Si2,2000.0,262.755
548,Al1Cl1O1,600.0,72.634
4320,O4S1Zn1,540.0,136.817
3271,O3W1,2300.0,118.826
4210,O2Ti1,1400.0,76.735
4049,O1Pb1,500.0,53.43
4112,O2.72W1,2800.0,118.324
2000,Hf1,2000.0,39.269
4126,O2.72W1,1400.0,100.751
2106,Ca1S1,2000.0,58.032
943,Cu1F2,1200.0,92.55
2912,N1Ti1,1700.0,58.02
3421,Na2O5Si2,980.0,292.88
1546,F1Na1,800.0,55.71
2832,Li2O2,800.0,109.077
342,Br2Hg2,600.0,115.604
3789,Mo2S3,1700.0,166.00599999999997
455,B2Be3O6,400.0,175.017
67,Al2Be1O4,400.0,130.28
345,Br2Hg2,300.0,104.703
2553,C1Na2O3,1900.0,220.204
1311,Co1,1768.0,37.99
16,Be1I2,1200.0,88.78
4079,O1Sr1,1000.0,56.074
4426,S1Sr1,1800.0,60.459
680,Br4Ti1,298.0,131.503
1373,Al1Li1O2,1800.0,113.449
1631,H1Na1,900.0,57.948
3867,N4Si3,900.0,152.298
622,Al1F6Li3,1200.0,326.35200000000003
974,Al2O3,1200.0,128.252
965,Al2O3,2100.0,137.319
3131,Nb1,2750.0,43.423
2418,Al1Na1O2,1900.0,118.233
3429,Na2O5Si2,400.0,183.401
1425,Fe1I2,1300.0,142.256
433,B2Be3O6,2600.0,327.105
508,C0.98Nb1,400.0,41.882
2894,N1Ti1,3400.0,74.279
1541,F1Na1,1269.0,66.149
1134,Cr2N1,1400.0,101.504
2423,Al1Na1O2,1400.0,109.395
3728,Li2O5Si2,1000.0,235.35
365,Br3Ti1,900.0,151.879
1536,F1Na1,1700.0,71.128
2883,Al2Mg1O4,300.0,116.533
1843,Cr1N1,1800.0,58.367
840,Al1H4Li1,400.0,93.722
3092,Nb1O1,1700.0,57.929
2038,I2Sr1,1000.0,97.236
207,Al1Br3,1000.0,124.6
2173,Mg1O3Si1,500.0,101.512
1831,Cu1F1,600.0,59.58
4347,O4Si1Zr1,800.0,142.674
413,Al1F6Na3,900.0,304.691
4114,O2.72W1,2600.0,115.813
816,Cs1,600.0,37.53
1585,Fe3O4,800.0,252.881
2141,I2Mg1,900.0,87.655
1317,Co1,1394.0,54.999
1015,B1N1,400.0,26.276
746,Ba1I2,2100.0,112.968
2101,Ca1S1,2500.0,59.899
3083,Nb1O1,2500.0,65.09100000000001
3116,F2Mg1,1300.0,82.454
1299,Fe1O1,600.0,54.894
1782,Fe1,1800.0,42.468
265,B1Ti1,2100.0,53.53
3221,Nb1O2,1200.0,83.052
2016,Hf1,450.0,27.23
2027,F2Hg2,800.0,116.943
4471,Ti1,500.0,27.877
1260,Br2Sr1,1100.0,115.06
2983,Ni1S1,1249.0,70.137
4149,O2.96W1,1900.0,112.048
4019,Ni3S4,900.0,251.27
1636,H1Na1,400.0,42.468
126,B1H4Na1,800.0,120.248
1289,Fe1O1,1600.0,64.015
551,Al1Cl1O1,300.0,57.112
3326,O4V2,1818.0,177.72799999999998
944,Cu1F2,1109.0,91.713
2424,Al1Na1O2,1300.0,107.621
211,Al1Br3,600.0,124.265
2349,Li2O3Si1,1600.0,169.03400000000002
3925,Na2S1,1000.0,92.843
3909,Na2O2,500.0,103.767
215,Al1Br3,300.0,100.816
3283,O3W1,1200.0,100.601
1766,Be3N2,1400.0,128.616
1524,F1Na1,2900.0,71.128
1081,Cr2O3,2300.0,140.839
949,Cu1F2,700.0,84.81
766,Ba1I2,300.0,77.53
2472,N0.465V1,2500.0,58.743
1497,Be1Cl2,1400.0,85.234
1535,F1Na1,1800.0,71.128
2929,N1V1,3300.0,75.312
4054,O1Sr1,3400.0,72.438
3729,Li2O5Si2,900.0,229.492
3458,O5V2,300.0,131.02700000000002
112,Be1F2,400.0,62.522
827,Al1H4Li1,1700.0,122.717
3610,F1Li1,1100.0,61.505
1749,Be3N2,298.0,64.358
2301,Mn1,1412.0,43.514
3130,Nb1,2800.0,44.643
820,Cs1,350.0,34.84
266,B1Ti1,2000.0,53.396
30,Be1F3Li1,900.0,167.36
3431,Na2O5Si2,298.0,156.984
1073,Br1Na1,300.0,51.442
4045,O1Pb1,800.0,57.907
3268,O3W1,2600.0,123.846
108,Be1F2,600.0,67.446
3882,N5P3,700.0,246.856
2410,Al1Na1O2,2700.0,127.973
1672,Cu1O4S1,1700.0,166.14700000000002
1164,Cl1Li1,300.0,48.095
3452,O5V2,900.0,180.749
3420,Na2O5Si2,980.0,243.275
4490,V1,1400.0,33.806999999999995
3256,O4Pb3,1000.0,207.526
4051,O1Pb1,300.0,45.86600000000001
3009,Na2O1,1023.15,95.264
1531,F1Na1,2200.0,71.128
1468,Cl2Cu1,600.0,78.785
3714,Li2O5Si2,2100.0,262.978
299,Be2O4Si1,1500.0,181.887
3545,Br2Mo1,1600.0,93.303
618,Al1F6Li3,298.0,202.506
3018,Na2O1,300.0,69.245
3795,Mo2S3,1100.0,145.762
2331,F1K1,1131.0,64.852
2129,K2O4S1,700.0,186.368
987,B1N1,3200.0,48.953
426,Ca1H2O2,400.0,98.408
372,Br3Ti1,298.0,101.705
1573,Fe3O4,1800.0,200.832
4435,S1Sr1,900.0,55.522
2299,Mn1,1519.0,46.108
2910,N1Ti1,1900.0,59.848
2118,Ca1S1,800.0,53.011
728,Ba1F2,1240.0,194.713
289,Be2O4Si1,2500.0,191.041
647,Ba1,298.0,28.096
3596,F1Li1,2400.0,76.872
1183,Fe0.877S1,298.0,49.883
4467,Ti1,900.0,30.454
4510,W1,4200.0,94.663
2801,Na2S2,753.0,123.972
259,B1Ti1,2700.0,54.333
4123,O2.72W1,1700.0,104.516
2018,Hf1,350.0,26.247
4539,W1,1400.0,29.393
3800,Mo2S3,600.0,127.399
4363,P1,300.0,23.87
4449,Sr1,820.0,32.151
2542,Mo1O3,1074.0,112.562
661,Ba1,582.53,32.468
3704,Li2O4S1,800.0,196.062
49,Al2Be1O4,2146.0,226.25
4241,O2Zr1,1700.0,74.475
238,Br2Ti1,1000.0,86.734
4155,O2.96W1,1300.0,104.851
2364,Li2O3Si1,298.0,100.567
1594,H1Na1O1,1200.0,86.023
498,C0.98Nb1,1400.0,54.504
3230,Nb1O2,500.0,67.73899999999999
1789,Fe1,1200.0,40.794
1959,I4Zr1,300.0,127.88
1858,Cr1N1,300.0,51.393
3586,Cu1,900.0,28.049
4460,Ti1,1500.0,49.764
2748,Cu2O5S1,600.0,187.82
1144,Cr2N1,400.0,73.429
3898,Na2O2,1400.0,113.596
3193,Ca1,900.0,36.819
3381,Ca1Cl2,1300.0,94.558
2513,Mg2O4Ti1,1300.0,195.456
1048,Cu1O1,800.0,53.349
1651,Cl1Na1O4,500.0,150.20600000000002
2243,H1K1,900.0,58.44
2945,N1V1,1700.0,61.17
423,Ca1H2O2,700.0,110.709
635,Al1F6Li3,600.0,262.295
3648,I1K1,1200.0,73.13600000000001
4319,O4S1Zn1,600.0,137.444
2484,N0.465V1,1300.0,46.066
2715,Mg1S1,2500.0,58.131
4247,O2Zr1,1300.0,78.58
2039,I2Sr1,900.0,94.492
1630,H1Na1,1000.0,59.413
1958,I4Zr1,400.0,131.001
2063,C1K2O3,600.0,150.666
1596,H1Na1O1,1000.0,86.023
4018,Ni3S4,1000.0,265.638
2989,Ni1S1,700.0,54.518
2809,I3Ti1,1400.0,124.792
4148,O2.96W1,2000.0,113.303
2021,F2Hg2,1400.0,125.825
3274,O3W1,2000.0,113.805
2773,Mg1O3Ti1,2600.0,153.381
492,C0.98Nb1,2000.0,57.656000000000006
3111,F2Mg1,1700.0,84.35799999999999
2518,Mg2O4Ti1,800.0,174.707
3912,Na2S1,298.0,82.801
2878,Al2Mg1O4,800.0,169.47299999999998
821,Cs1,301.55,32.501
983,Al2O3,300.0,79.416
1879,I1Li1,1700.0,76.191
4306,O4S1Zn1,1700.0,145.185
1491,Fe0.947O1,600.0,53.028
3050,O1Ti1,1700.0,71.839
1818,Cu1F1,1900.0,64.434
348,B1H3O3,1400.0,181.279
3054,O1Ti1,1300.0,64.643
308,Be2O4Si1,600.0,149.16
1551,F1Na1,300.0,46.924
4561,Zn1,400.0,26.346
2152,Mg1O3Si1,2100.0,122.432
2931,N1V1,3100.0,73.638
4215,O2Ti1,900.0,74.726
3738,Mg1,1800.0,53.199
836,Al1H4Li1,800.0,114.223
4508,W1,4400.0,105.646
3616,F1Li1,500.0,49.32899999999999
2702,Na2O3Si1,298.0,111.88
4156,O2.96W1,1200.0,103.512
4341,O4Si1Zr1,1400.0,150.415
3269,O3W1,2500.0,122.173
3185,O3Ti2,500.0,130.248
3267,O3W1,2700.0,125.52
287,Be2O4Si1,2700.0,192.815
3194,Ca1,800.0,34.613
1481,Fe0.947O1,1600.0,62.065
2761,K2O2,1000.0,146.858
3115,F2Mg1,1400.0,82.977
1095,Cr2O3,900.0,125.725
1714,F2H1K1,700.0,100.249
991,B1N1,2800.0,48.953
4258,O3V2,298.0,104.963
2716,Mg1S1,2400.0,57.739
419,Al1F6Na3,400.0,236.379
3120,F2Mg1,900.0,79.626
1923,Fe1S1,598.0,72.358
1908,Al1I3,300.0,99.077
2242,H1K1,1000.0,59.831
231,Br3Zr1,400.0,102.508
1946,I2Pb1,700.0,88.743
634,Al1F6Li3,700.0,274.052
2745,Cu2O5S1,900.0,207.526
4451,Sr1,700.0,30.864
4331,O4Si1Zr1,2400.0,150.624
1775,Be3N2,500.0,97.512
1926,Fe1S1,411.0,95.051
2604,Mo1S2,1300.0,80.835
1411,Br2Fe1,1200.0,100.307
1918,Fe1S1,1000.0,58.986
1494,Fe0.947O1,300.0,48.183
2765,K2O2,600.0,120.708
3376,Ca1Cl2,1800.0,109.202
2692,Na2O3Si1,1200.0,177.54
2711,Mg1S1,2900.0,59.789
3852,N4Si3,2400.0,186.734
4071,O1Sr1,1800.0,61.881
2952,N1V1,1000.0,53.668
1683,Cu1O4S1,600.0,136.315
873,C1Be2,400.0,47.614
2434,Al1Na1O2,500.0,89.56299999999999
851,C1Be2,2500.0,92.153
3446,O5V2,1400.0,195.393
1178,Fe0.877S1,598.0,68.563
4265,O3V2,2200.0,176.24599999999998
1433,Fe1I2,650.0,84.546
831,Al1H4Li1,1300.0,120.416
4383,Pb1S1,1700.0,62.551
3872,N4Si3,400.0,110.667
2693,Na2O3Si1,1100.0,173.628
1919,Fe1S1,900.0,58.286
760,Ba1I2,900.0,89.538
4321,O4S1Zn1,540.0,136.817
1034,Co1O4S1,400.0,119.286
113,Be1F2,300.0,52.028
2939,N1V1,2300.0,66.65100000000001
354,B1H3O3,800.0,147.27700000000002
364,Br3Ti1,1000.0,156.673
1907,Al1I3,400.0,108.533
297,Be2O4Si1,1700.0,183.803
1194,Cl1Na1,500.0,53.94
3383,Ca1Cl2,1100.0,88.70100000000001
199,Ba1H2O2,400.0,112.633
4066,O1Sr1,2300.0,65.229
1470,Cl2Cu1,400.0,75.061
57,Al2Be1O4,1400.0,183.75
4427,S1Sr1,1700.0,59.951
857,C1Be2,2000.0,91.722
3790,Mo2S3,1600.0,162.666
1400,Co1F2,900.0,83.59200000000001
3441,O5Ti3,500.0,194.138
4237,O2Zr1,2100.0,74.475
1377,Al1Li1O2,1400.0,108.089
994,B1N1,2500.0,48.953
4057,O1Sr1,3100.0,70.479
1390,Co1F2,1800.0,87.14
66,Al2Be1O4,500.0,145.25
4344,O4Si1Zr1,1100.0,148.741
2567,C1Na2O3,723.15,143.762
2860,Al2Mg1O4,2500.0,235.095
1717,F2H1K1,500.0,100.249
3798,Mo2S3,800.0,135.162
1900,Al1I3,1000.0,128.44899999999998
2126,K2O4S1,900.0,212.865
4340,O4Si1Zr1,1500.0,150.624
3710,Li2O5Si2,298.0,138.072
1684,Cu1O4S1,500.0,127.194
546,Al1Cl1O1,800.0,76.86
1409,Br2Fe1,1400.0,104.759
454,B2Be3O6,500.0,202.84
968,Al2O3,1800.0,135.143
3275,O3W1,1900.0,112.131
3749,Mg1,800.0,30.507
980,Al2O3,600.0,112.545
1490,Fe0.947O1,700.0,54.07
2564,C1Na2O3,900.0,166.23
972,Al2O3,1400.0,131.08100000000002
2686,Na2O3Si1,1700.0,195.748
2190,I2Zr1,1200.0,101.42
4218,O2Ti1,600.0,70.89
1603,H1Na1O1,572.0,86.023
1451,Cl1Li1O4,1000.0,176.983
1466,Cl2Cu1,800.0,80.885
3140,Nb1,1900.0,32.639
1447,Cl1Li1O4,1400.0,192.771
1875,I1Li1,2100.0,76.191
1150,Cl1Li1,1600.0,76.663
1839,Cr1N1,2200.0,61.003
809,Be1H2O2,600.0,99.387
1173,Fe0.877S1,1000.0,52.007
1087,Cr2O3,1700.0,134.47799999999998
1174,Fe0.877S1,900.0,52.886
2199,I2Zr1,400.0,95.019
1898,Al1I3,1200.0,129.16
4457,Sr1,300.0,26.809
1138,Cr2N1,1000.0,90.5
1583,Fe3O4,900.0,273.05
856,C1Be2,2100.0,91.797
1211,F2Hg1,700.0,83.262
959,Al2O3,2600.0,140.959
4268,O3V2,1900.0,166.112
4570,Zr1,1135.0,32.724000000000004
679,Br4Ti1,300.0,131.815
745,Ba1I2,2200.0,112.968
1671,Cu1O4S1,1800.0,167.56900000000002
1557,H3O4P1,500.0,167.19299999999998
3899,Na2O2,1300.0,113.596
2532,K1O2,700.0,91.922
1634,H1Na1,600.0,50.71
2313,Mn1,800.0,34.915
3422,Na2O5Si2,951.0,242.313
18,Be1I2,1000.0,87.789
4346,O4Si1Zr1,900.0,145.268
3162,O3Ti2,2700.0,156.398
1412,Br2Fe1,1100.0,98.081
352,B1H3O3,1000.0,161.921
4165,O2.96W1,300.0,72.634
2095,H2O4W1,298.0,112.633
2799,Na2S2,900.0,132.164
793,C1K1N1,1200.0,66.62899999999999
3602,F1Li1,1800.0,71.73100000000001
2047,I2Sr1,298.0,77.94800000000001
3724,Li2O5Si2,1209.0,245.55900000000003
107,Be1F2,700.0,70.793
3370,O2.90W1,500.0,86.609
1553,H3O4P1,900.0,288.361
1914,Fe1S1,1400.0,71.533
1482,Fe0.947O1,1500.0,61.212
1422,Br2Fe1,400.0,82.5
1037,Cu1O1,1900.0,62.494
3134,Nb1,2500.0,38.635
92,B2Mg1,1000.0,71.714
3124,F2Mg1,500.0,72.634
1822,Cu1F1,1500.0,64.434
3803,Mo2S3,300.0,109.489
2034,I2Sr1,1400.0,108.24
19,Be1I2,900.0,87.132
3144,Nb1,1500.0,30.062
1142,Cr2N1,600.0,79.49600000000001
2239,H1K1,1300.0,62.701
4069,O1Sr1,2000.0,63.229
4289,O4Pb2Si1,1600.0,197.903
2426,Al1Na1O2,1100.0,104.073
740,Ba1I2,2700.0,112.968
942,Cu1F2,1300.0,93.303
3585,Cu1,1000.0,28.662
2880,Al2Mg1O4,600.0,157.887
1904,Al1I3,600.0,121.986
4062,O1Sr1,2700.0,67.86399999999999
2887,N1Ti1,4100.0,81.182
2026,F2Hg2,900.0,118.951
695,Be1O4S1,298.0,85.697
1003,B1N1,1600.0,48.911
2097,Ca1S1,2900.0,61.42100000000001
2335,F1K1,800.0,57.404
3201,Ca1,350.0,26.32
4117,O2.72W1,2300.0,112.048
1382,Al1Li1O2,900.0,100.203
2127,K2O4S1,857.0,207.169
3014,Na2O1,700.0,88.851
1460,Cl2Cu1,1400.0,84.75
4569,Zr1,1200.0,33.501999999999995
3455,O5V2,600.0,168.31400000000002
712,Be1O4S1,600.0,126.817
2596,Mo1S2,2100.0,87.111
2037,I2Sr1,1100.0,99.971
2895,N1Ti1,3300.0,73.295
4523,W1,3000.0,41.003
1988,H4I1N1,800.0,117.696
2795,Mg1O3Ti1,500.0,113.123
3590,Cu1,500.0,25.912
4288,O4Pb2Si1,1700.0,199.033
1387,Al1Li1O2,400.0,81.546
193,Ba1H2O2,900.0,134.892
93,B2Mg1,900.0,69.16199999999999
1537,F1Na1,1600.0,71.128
4431,S1Sr1,1300.0,57.87
674,Br4Ti1,700.0,133.779
1143,Cr2N1,500.0,76.735
3589,Cu1,600.0,26.481
2787,Mg1O3Ti1,1300.0,134.972
866,C1Be2,1100.0,77.525
278,B1Ti1,800.0,50.911
356,B1H3O3,600.0,127.194
4489,V1,1500.0,34.811
818,Cs1,450.0,36.777
1404,Co1F2,500.0,78.92699999999999
626,Al1F6Li3,978.0,303.131
2727,Mg1S1,1300.0,53.252
3706,Li2O4S1,600.0,168.46900000000002
4577,Zr1,500.0,26.564
3548,Br2Mo1,1300.0,90.165
2549,Mo1O3,400.0,83.094
2414,Al1Na1O2,2300.0,124.034
1776,Be3N2,400.0,84.43299999999999
3335,O4V2,1000.0,160.68200000000002
4350,O4Si1Zr1,500.0,125.938
2861,Al2Mg1O4,2408.0,231.777
3854,N4Si3,2200.0,186.111
1022,Co1O4S1,1400.0,165.979
4205,O2Ti1,1900.0,77.446
2782,Mg1O3Ti1,1800.0,141.879
2436,Al1Na1O2,300.0,73.889
1762,Be3N2,1800.0,129.366
248,B1Ti1,3800.0,55.806
2276,H1K1O1,1100.0,78.65899999999999
4454,Sr1,450.0,28.278
2774,Mg1O3Ti1,2500.0,151.825
4388,Pb1S1,1200.0,58.074
3430,Na2O5Si2,300.0,157.494
2769,K2O2,298.0,100.165
3631,H2O2Sr1,298.0,74.89399999999999
2933,N1V1,2900.0,71.923
1135,Cr2N1,1300.0,98.742
3209,Nb1O2,2175.0,83.052
696,Be1O4S1,2200.0,200.832
2767,K2O2,400.0,107.11
874,C1Be2,300.0,43.32899999999999
4394,Pb1S1,600.0,52.38399999999999
2908,N1Ti1,2100.0,61.71
1876,I1Li1,2000.0,76.191
4332,O4Si1Zr1,2300.0,150.624
2250,H1K1,298.0,37.907
4461,Ti1,1400.0,44.948
1486,Fe0.947O1,1100.0,57.76
872,C1Be2,500.0,49.752
3156,Nb1,400.0,25.393
1882,I1Li1,1400.0,75.877
1786,Fe1,1500.0,39.455
3281,O3W1,1400.0,103.875
1077,Cr2O3,2603.0,143.553
3547,Br2Mo1,1400.0,91.211
216,Br3Zr1,1900.0,106.566
4497,V1,700.0,28.033
4440,S1Sr1,400.0,50.208
649,Ba1,1300.0,39.066
4255,O2Zr1,500.0,67.764
4526,W1,2700.0,36.192
4261,O3V2,2500.0,186.526
3703,Li2O4S1,848.0,202.732
4474,Ti1,350.0,26.169
4240,O2Zr1,1800.0,74.475
1754,Be3N2,2500.0,129.615
501,C0.98Nb1,1100.0,52.635
2284,H1K1O1,516.0,78.65899999999999
4484,V1,2000.0,40.92
1088,Cr2O3,1600.0,133.486
2128,K2O4S1,800.0,199.61900000000003
947,Cu1F2,900.0,88.868
1559,H3O4P1,315.5,111.303
3608,F1Li1,1200.0,63.245
705,Be1O4S1,1300.0,193.543
1371,Al1Li1O2,1973.0,115.679
966,Al2O3,2000.0,136.608
2241,H1K1,1100.0,60.966
2927,N1Ti1,298.0,37.079
2435,Al1Na1O2,400.0,83.412
3195,Ca1,716.0,32.736999999999995
1905,Al1I3,500.0,116.901
417,Al1F6Na3,600.0,262.793
2925,N1Ti1,400.0,43.81100000000001
1019,Co1O4S1,1700.0,170.498
1099,Cr2O3,500.0,117.721
2891,N1Ti1,3700.0,77.22800000000001
254,B1Ti1,3200.0,55.003
1880,I1Li1,1600.0,76.191
3700,Li2O4S1,1100.0,237.051
2167,Mg1O3Si1,903.0,119.788
3656,I1K1,500.0,55.363
2481,N0.465V1,1600.0,49.643
438,B2Be3O6,2100.0,317.649
4118,O2.72W1,2200.0,110.792
3263,O4Pb3,300.0,155.344
787,C1K1N1,1800.0,66.865
2329,F1K1,1300.0,68.618
3438,O5Ti3,800.0,210.037
219,Br3Zr1,1600.0,106.441
2511,Mg2O4Ti1,1500.0,202.614
4299,O4Pb2Si1,600.0,173.343
2125,K2O4S1,1000.0,226.116
339,Br2Hg2,900.0,120.416
2531,K1O2,800.0,93.22
91,B2Mg1,1100.0,74.078
1060,Br1Na1,1500.0,67.345
1913,Fe1S1,1463.0,74.93
1547,F1Na1,700.0,54.124
1795,Fe1,900.0,43.095
3861,N4Si3,1500.0,178.657
2683,Na2O3Si1,2000.0,203.489
3574,Cu1,298.0,24.442
603,Br1H4N1,298.0,88.676
3132,Nb1,2700.0,42.283
42,Al1Cl4K1,600.0,183.176
3413,Na2O5Si2,1500.0,292.88
1091,Cr2O3,1300.0,130.411
4408,S1,500.0,26.945
4480,V1,2300.0,46.254
3606,F1Li1,1400.0,66.445
3182,O3Ti2,800.0,142.967
4267,O3V2,2000.0,169.468
668,Br4Ti1,1300.0,133.779
58,Al2Be1O4,1300.0,181.67
1869,Fe1H3O3,400.0,117.989
2040,I2Sr1,811.0,92.048
1744,Hg1O1,600.0,54.12
733,Ba1F2,800.0,84.935
2825,Li2O2,1500.0,144.766
2873,Al2Mg1O4,1300.0,190.828
540,Al1Cl1O1,1400.0,81.672
1503,Be1Cl2,800.0,82.257
343,Br2Hg2,500.0,113.052
347,B1H3O3,298.0,81.337
1901,Al1I3,900.0,127.901
3011,Na2O1,1000.0,94.918
1769,Be3N2,1100.0,125.52
1707,F2H1K1,1400.0,100.249
3748,Mg1,900.0,31.895
4512,W1,4000.0,83.68
4477,V1,2600.0,52.028
1772,Be3N2,800.0,117.591
3260,O4Pb3,600.0,190.79
3718,Li2O5Si2,1700.0,259.617
1152,Cl1Li1,1400.0,72.53399999999999
1045,Cu1O1,1100.0,56.135
2156,Mg1O3Si1,1800.0,122.432
3225,Nb1O2,1000.0,87.5
1983,H4I1N1,1300.0,152.03
3325,O4V2,1900.0,179.27599999999998
2158,Mg1O3Si1,1600.0,122.432
86,B2Mg1,1600.0,85.98100000000001
328,Al1,600.0,27.886
1406,Co1F2,300.0,69.041
3918,Na2S1,1445.0,133.888
4385,Pb1S1,1500.0,60.877
1457,Cl1Li1O4,500.0,143.511
633,Al1F6Li3,748.0,279.073
2612,Mo1S2,500.0,71.756
3219,Nb1O2,1200.0,92.885
1213,F2Hg1,500.0,79.078
55,Al2Be1O4,1600.0,188.41
334,Br2Hg2,1400.0,125.143
4487,V1,1700.0,37.028
1461,Cl2Cu1,1300.0,84.19
1862,Fe1H3O3,1100.0,168.40599999999998
1446,Cl1Li1O4,298.0,105.018
509,C0.98Nb1,300.0,36.38
3178,O3Ti2,1200.0,148.532
2866,Al2Mg1O4,2000.0,216.982
4212,O2Ti1,1200.0,76.191
1291,Fe1O1,1400.0,62.76
1149,Cl1Li1,1700.0,78.73100000000001
4224,O2Zr1,3300.0,74.475
3101,Nb1O1,800.0,49.467
3114,F2Mg1,1500.0,83.46700000000001
267,B1Ti1,1900.0,53.262
3874,N5P3,298.0,148.95
2742,Cu2O5S1,1200.0,221.752
3432,O5Ti3,1400.0,224.262
3736,Mg1,298.0,24.869
2098,Ca1S1,2800.0,61.045
711,Be1O4S1,700.0,137.988
1752,Be3N2,2700.0,129.659
799,C1K1N1,700.0,66.431
510,C0.98Nb1,298.0,36.233
456,B2Be3O6,300.0,140.415
2094,H2O4W1,300.0,112.968
4127,O2.72W1,1300.0,99.286
1878,I1Li1,1800.0,76.191
1873,I1Li1,2300.0,76.191
1780,Fe1,1900.0,43.472
1696,H1Li1,700.0,51.877
1784,Fe1,1665.0,41.112
1190,Cl1Na1,900.0,61.869
2729,Mg1S1,1100.0,52.347
1568,Fe3O4,2300.0,200.832
1379,Al1Li1O2,1200.0,105.198
591,Br1H4N1,1200.0,161.502
4233,O2Zr1,2500.0,74.475
4300,O4Pb2Si1,500.0,163.762
1405,Co1F2,400.0,75.714
1841,Cr1N1,2000.0,59.831
1273,Cl2Hg2,1300.0,125.169
4076,O1Sr1,1300.0,58.379
4396,Pb1S1,400.0,50.459
506,C0.98Nb1,600.0,47.363
941,Cu1F2,1400.0,93.847
213,Al1Br3,400.0,117.78
670,Br4Ti1,1100.0,133.779
2764,K2O2,700.0,127.952
4060,O1Sr1,2900.0,69.17399999999999
1385,Al1Li1O2,600.0,92.688
439,B2Be3O6,2000.0,315.474
2045,I2Sr1,400.0,80.751
3412,Na2O5Si2,1600.0,292.88
4529,W1,2400.0,34.233000000000004
865,C1Be2,1200.0,81.797
4323,O4S1Zn1,400.0,116.022
1699,H1Li1,400.0,34.794000000000004
2049,C1K2O3,1900.0,273.29900000000004
3258,O4Pb3,800.0,199.158
4020,Ni3S4,800.0,236.906
2960,N1V1,298.0,37.981
3863,N4Si3,1300.0,172.53099999999998
4390,Pb1S1,1000.0,56.191
545,Al1Cl1O1,900.0,78.168
2112,Ca1S1,1400.0,55.731
3284,O3W1,1100.0,98.963
1768,Be3N2,1200.0,126.922
4393,Pb1S1,700.0,53.346
459,Al1Cl4Na1,800.0,193.51
1402,Co1F2,700.0,82.015
2814,I3Ti1,900.0,121.152
120,B1H4Na1,1400.0,133.135
4544,W1,900.0,27.112
3651,I1K1,954.0,67.594
2566,C1Na2O3,723.15,193.385
1643,Cl1Na1O4,1100.0,191.962
2754,K2O2,1700.0,188.916
1332,Co1,300.0,24.833
3902,Na2O2,1000.0,113.596
863,C1Be2,1400.0,87.27799999999999
3916,Na2S1,1600.0,133.888
4217,O2Ti1,700.0,72.655
2005,Hf1,1500.0,35.765
1530,F1Na1,2300.0,71.128
4251,O2Zr1,900.0,74.663
2489,N0.465V1,800.0,39.765
2119,Ca1S1,700.0,52.342
1957,I4Zr1,500.0,133.009
3851,N4Si3,2500.0,187.025
119,B1H4Na1,1500.0,133.30200000000002
4168,O2Pb1,1000.0,79.301
671,Br4Ti1,1000.0,133.779
2730,Mg1S1,1000.0,51.882
1027,Co1O4S1,964.0,156.792
3433,O5Ti3,1300.0,222.58900000000003
264,B1Ti1,2200.0,53.664
2427,Al1Na1O2,1000.0,102.299
4278,O3V2,900.0,135.246
2269,I4Ti1,379.0,148.114
1804,Fe1,298.0,25.094
1850,Cr1N1,1100.0,53.723
1496,Be1Cl2,298.0,64.852
2726,Mg1S1,1400.0,53.681
1130,Cr2N1,1800.0,112.508
2140,I2Mg1,907.0,87.86399999999999
2142,I2Mg1,800.0,86.274
1595,H1Na1O1,1100.0,86.023
3373,O2.90W1,298.0,71.37899999999999
1495,Fe0.947O1,298.0,48.11600000000001
1028,Co1O4S1,964.0,157.221
4573,Zr1,900.0,30.003
4433,S1Sr1,1100.0,56.777
37,Be1F3Li1,300.0,92.048
3436,O5Ti3,1000.0,215.894
2104,Ca1S1,2200.0,58.743
1262,Br2Sr1,930.0,115.06
448,B2Be3O6,1100.0,292.211
3349,O2.90W1,2600.0,119.37
226,Br3Zr1,900.0,105.855
1327,Co1,600.0,29.665
810,Be1H2O2,500.0,92.994
2794,Mg1O3Ti1,600.0,118.453
1599,H1Na1O1,700.0,86.023
1685,Cu1O4S1,400.0,114.934
1046,Cu1O1,1000.0,55.262
4541,W1,1200.0,28.472
2953,N1V1,900.0,52.48
706,Be1O4S1,1200.0,189.209
2599,Mo1S2,1800.0,84.81
2836,Li2O2,400.0,82.676
244,Br2Ti1,400.0,79.85600000000001
3801,Mo2S3,500.0,122.926
1606,H1Na1O1,300.0,59.664
1467,Cl2Cu1,700.0,79.956
1000,B1N1,1900.0,48.953
734,Ba1F2,700.0,82.383
357,B1H3O3,500.0,114.642
338,Br2Hg2,1000.0,121.545
792,C1K1N1,1300.0,66.669
44,Al1Cl4K1,400.0,165.477
3646,I1K1,1400.0,74.601
589,Br1H4N1,1400.0,174.264
2429,Al1Na1O2,800.0,98.751
1678,Cu1O4S1,1100.0,156.063
276,B1Ti1,1000.0,51.915
4576,Zr1,600.0,27.281
3634,H2O2Sr1,783.15,139.37
2834,Li2O2,600.0,97.445
1692,H1Li1,1000.0,68.028
2051,C1K2O3,1700.0,254.555
333,Al1,300.0,24.247
114,Be1F2,298.0,51.819
3007,Na2O1,1200.0,97.629
2297,Mn1,1700.0,47.624
2807,Na2S2,298.0,98.625
4256,O2Zr1,400.0,63.848
1909,Fe1S1,1800.0,99.67
3787,Mo2S3,1900.0,172.666
4063,O1Sr1,2600.0,67.208
3739,Mg1,1700.0,50.0
435,B2Be3O6,2400.0,323.423
3106,Nb1O1,300.0,41.187
2548,Mo1O3,500.0,87.751
34,Be1F3Li1,600.0,129.704
4395,Pb1S1,500.0,51.463
3635,H2O2Sr1,700.0,128.32299999999998
3003,Na2O1,1400.0,99.86
2928,N1V1,3400.0,76.191
255,B1Ti1,3100.0,54.869
3712,Li2O5Si2,2300.0,263.341
3886,N5P3,300.0,149.787
999,B1N1,2000.0,48.953
3291,O3W1,600.0,93.113
650,Ba1,1200.0,39.066
1868,Fe1H3O3,500.0,129.704
973,Al2O3,1300.0,129.737
1860,Fe1H3O3,1300.0,173.218
4158,O2.96W1,1000.0,100.709
2272,H1K1O1,298.0,64.89399999999999
4067,O1Sr1,2200.0,64.563
1498,Be1Cl2,1300.0,85.007
2540,Mo1O3,1200.0,118.679
2015,Hf1,500.0,27.692
3791,Mo2S3,1500.0,159.317
3277,O3W1,1745.0,109.537
3057,O1Ti1,1100.0,60.961000000000006
1991,H4I1N1,500.0,96.148
3453,O5V2,800.0,177.25099999999998
4153,O2.96W1,1500.0,107.194
726,Ba1F2,1300.0,137.654
3270,O3W1,2400.0,120.499
2788,Mg1O3Ti1,1200.0,133.43200000000002
1705,F2H1K1,1600.0,100.249
3213,Nb1O2,1800.0,83.052
4558,Zn1,600.0,28.588
1326,Co1,700.0,31.045
2536,K1O2,300.0,77.613
730,Ba1F2,1100.0,104.182
98,B2Mg1,400.0,54.392
21,Be1I2,753.0,85.944
1158,Cl1Li1,883.0,61.702
4136,O2.72W1,400.0,76.902
2411,Al1Na1O2,2600.0,127.163
3200,Ca1,400.0,26.868
1147,Cl1Li1,1900.0,82.863
201,Ba1H2O2,298.0,101.629
2571,C1Na2O3,400.0,125.102
3369,O2.90W1,600.0,90.918
835,Al1H4Li1,900.0,116.2
3601,F1Li1,1900.0,72.821
3889,Na2O2,2300.0,113.596
2103,Ca1S1,2300.0,59.115
1591,Fe3O4,298.0,147.235
3135,Nb1,2400.0,37.317
1369,Al1Li1O2,2100.0,117.294
1758,Be3N2,2200.0,129.526
2867,Al2Mg1O4,1900.0,213.325
542,Al1Cl1O1,1200.0,80.709
2278,H1K1O1,900.0,78.65899999999999
3232,Nb1O2,300.0,57.605
3557,Br2Mo1,400.0,80.751
3723,Li2O5Si2,1300.0,248.195
1398,Co1F2,1100.0,84.646
4297,O4Pb2Si1,800.0,184.18
245,Br2Ti1,300.0,78.709
1607,H1Na1O1,298.0,59.53
3658,I1K1,300.0,52.806
765,Ba1I2,400.0,79.538
2102,Ca1S1,2400.0,59.496
1157,Cl1Li1,900.0,62.06100000000001
2728,Mg1S1,1200.0,52.802
802,C1K1N1,400.0,66.316
3175,O3Ti2,1500.0,150.75
242,Br2Ti1,600.0,82.149
1453,Cl1Li1O4,800.0,166.523
1438,Fe1I2,300.0,83.68
1981,H4I1N1,1500.0,158.643
2270,I4Ti1,300.0,125.947
2607,Mo1S2,1000.0,78.241
4253,O2Zr1,700.0,72.023
3751,Mg1,600.0,28.184
4520,W1,3300.0,48.953
4075,O1Sr1,1400.0,59.103
4304,O4S1Zn1,1900.0,145.185
1416,Br2Fe1,800.0,91.404
1506,Be1Cl2,600.0,80.082
1059,Br1Na1,1600.0,68.618
957,Al2O3,2800.0,142.591
90,B2Mg1,1200.0,76.442
1055,Br1Na1,298.0,51.4
3089,Nb1O1,2000.0,60.626000000000005
2023,F2Hg2,1200.0,123.709
1854,Cr1N1,700.0,51.087
4219,O2Ti1,500.0,68.145
64,Al2Be1O4,700.0,161.75
575,Be1F4Li2,700.0,195.18400000000003
967,Al2O3,1900.0,135.89600000000002
3652,I1K1,900.0,65.793
1745,Hg1O1,500.0,51.631
4466,Ti1,1000.0,32.074
574,Be1F4Li2,732.2,199.995
4291,O4Pb2Si1,1400.0,195.30900000000003
832,Al1H4Li1,1200.0,119.746
2035,I2Sr1,1300.0,105.493
4246,O2Zr1,1400.0,79.45
2516,Mg2O4Ti1,1000.0,183.686
4575,Zr1,700.0,28.053
1633,H1Na1,700.0,53.723
2863,Al2Mg1O4,2300.0,227.877
1637,H1Na1,300.0,36.535
4361,P1,350.0,24.731
3206,Nb1O2,2400.0,83.052
2603,Mo1S2,1400.0,81.672
1383,Al1Li1O2,800.0,98.165
2956,N1V1,600.0,48.208
524,Al1Cl1O1,298.0,56.902
1837,Cr1N1,2400.0,62.467
137,Br2Ca1,1015.0,89.036
4150,O2.96W1,1800.0,110.792
2108,Ca1S1,1800.0,57.195
3419,Na2O5Si2,1000.0,292.88
3346,O2.90W1,2900.0,123.135
2886,N1Ti1,4200.0,82.171
4318,O4S1Zn1,700.0,138.57399999999998
4238,O2Zr1,2000.0,74.475
1269,Br2Sr1,500.0,80.835
2996,Ni1S1,298.0,47.112
3331,O4V2,1400.0,169.40599999999998
1092,Cr2O3,1200.0,129.332
677,Br4Ti1,400.0,133.779
595,Br1H4N1,800.0,126.775
2054,C1K2O3,1400.0,226.438
4211,O2Ti1,1300.0,76.484
3063,O1Ti1,500.0,48.242
63,Al2Be1O4,800.0,166.83
1259,Br2Sr1,1200.0,115.06
1279,Cl2Hg2,700.0,114.558
530,Al1Cl1O1,2400.0,83.052
1836,Cr1N1,298.0,52.677
2900,N1Ti1,2900.0,69.387
568,Be1F4Li2,1300.0,284.64
462,Al1Cl4Na1,500.0,174.054
2300,Mn1,1500.0,45.982
4501,V1,400.0,26.234
4080,O1Sr1,900.0,55.22
2475,N0.465V1,2200.0,55.94
4322,O4S1Zn1,500.0,131.21
3047,O1Ti1,2000.0,77.153
659,Ba1,600.0,33.941
3914,Na2S1,1800.0,133.888
3181,O3Ti2,900.0,144.892
1426,Fe1I2,1200.0,142.256
221,Br3Zr1,1400.0,106.357
1136,Cr2N1,1200.0,95.981
4145,O2.96W1,2300.0,117.068
1838,Cr1N1,2300.0,61.714
1469,Cl2Cu1,500.0,77.278
1182,Fe0.877S1,300.0,50.0
2144,I2Mg1,600.0,83.01100000000001
275,B1Ti1,1100.0,52.191
4017,Ni3S4,298.0,164.808
1853,Cr1N1,800.0,51.714
2615,Mo1S2,298.0,63.555
286,Be2O4Si1,2800.0,193.702
1408,Br2Fe1,298.0,80.232
1500,Be1Cl2,1100.0,84.23
1719,F2H1K1,469.85,100.249
3582,Cu1,1300.0,32.143
4574,Zr1,800.0,28.966
3012,Na2O1,900.0,93.266
3893,Na2O2,1900.0,113.596
83,B2Mg1,1900.0,92.242
1593,H1Na1O1,1300.0,86.023
1635,H1Na1,500.0,47.154
3459,O5V2,298.0,130.599
1539,F1Na1,1400.0,69.16199999999999
982,Al2O3,400.0,96.086
2545,Mo1O3,800.0,100.031
1721,F2H1K1,300.0,77.111
4345,O4Si1Zr1,1000.0,147.27700000000002
3229,Nb1O2,600.0,71.65100000000001
1640,Cl1Na1O4,1400.0,205.267
1290,Fe1O1,1500.0,63.396
260,B1Ti1,2600.0,54.2
1029,Co1O4S1,900.0,155.394
4499,V1,500.0,26.945
3650,I1K1,1000.0,69.036
981,Al2O3,500.0,106.131
3457,O5V2,400.0,150.95
1704,F2H1K1,1700.0,100.249
2598,Mo1S2,1900.0,85.605
538,Al1Cl1O1,1600.0,82.21600000000001
1392,Co1F2,1600.0,86.51700000000001
4308,O4S1Zn1,1500.0,145.185
1604,H1Na1O1,500.0,75.157
4119,O2.72W1,2100.0,109.537
1282,Cl2Hg2,400.0,106.023
29,Be1F3Li1,1000.0,179.912
4164,O2.96W1,400.0,81.50399999999999
3591,Cu1,450.0,25.686
833,Al1H4Li1,1100.0,118.847
2712,Mg1S1,2800.0,59.371
1283,Cl2Hg2,300.0,102.048
3411,Na2O5Si2,1700.0,292.88
460,Al1Cl4Na1,700.0,189.117
1916,Fe1S1,1200.0,63.31100000000001
859,C1Be2,1800.0,91.349
3901,Na2O2,1100.0,113.596
1090,Cr2O3,1400.0,131.457
3280,O3W1,1500.0,105.512
311,Be2O4Si1,300.0,96.098
2778,Mg1O3Ti1,2100.0,145.98
224,Br3Zr1,1100.0,106.148
1310,Co1,1800.0,37.656
4083,O1Sr1,600.0,52.049
1859,Fe1H3O3,1400.0,174.68200000000002
1644,Cl1Na1O4,1000.0,187.025
2476,N0.465V1,2100.0,54.93600000000001
1294,Fe1O1,1100.0,60.234
1431,Fe1I2,800.0,110.876
2918,N1Ti1,1100.0,52.919
4532,W1,2100.0,32.744
2987,Ni1S1,900.0,60.208
1076,Cr2O3,2700.0,144.428
1579,Fe3O4,1200.0,200.832
4516,W1,3680.0,66.149
2492,N0.465V1,500.0,35.016
2602,Mo1S2,1500.0,82.46700000000001
2001,Hf1,1900.0,38.569
1047,Cu1O1,900.0,54.34
2149,Mg1O3Si1,2400.0,122.432
246,Br2Ti1,298.0,78.688
2160,Mg1O3Si1,1400.0,122.432
870,C1Be2,700.0,60.434
529,Al1Cl1O1,2500.0,83.052
732,Ba1F2,900.0,88.70100000000001
2302,Mn1,1412.0,45.229
4410,S1,400.0,24.895
2888,N1Ti1,4000.0,80.193
361,Br3Ti1,1300.0,168.755
868,C1Be2,900.0,68.977
236,Br2Ti1,1200.0,89.027
1477,Fe0.947O1,2000.0,64.015
434,B2Be3O6,2500.0,325.18
2932,N1V1,3000.0,72.80199999999999
3868,N4Si3,800.0,145.812
3154,Nb1,500.0,25.899
1165,Cl1Li1,298.0,48.028
2753,K2O2,1800.0,194.857
3905,Na2O2,785.0,115.253
1275,Cl2Hg2,1100.0,122.34
2805,Na2S2,400.0,104.299
4470,Ti1,600.0,28.596
2838,Li2O2,298.0,70.626
3550,Br2Mo1,1100.0,88.073
2028,F2Hg2,700.0,114.516
1891,I1Li1,500.0,55.948
489,C0.98Nb1,2300.0,59.162
2915,N1Ti1,1400.0,55.38399999999999
1642,Cl1Na1O4,1200.0,196.648
1155,Cl1Li1,1100.0,66.266
3136,Nb1,2300.0,36.192
420,Al1F6Na3,300.0,216.212
2559,C1Na2O3,1300.0,206.188
3021,I4Si1,400.0,116.943
4316,O4S1Zn1,900.0,140.875
993,B1N1,2600.0,48.953
654,Ba1,900.0,39.066
3871,N4Si3,500.0,120.708
2828,Li2O2,1200.0,129.997
94,B2Mg1,800.0,66.52600000000001
2555,C1Na2O3,1700.0,216.899
351,B1H3O3,1100.0,167.97400000000002
28,Be1F3Li1,1100.0,192.46400000000003
4073,O1Sr1,1600.0,60.50899999999999
703,Be1O4S1,1500.0,198.656
4137,O2.72W1,300.0,68.408
1418,Br2Fe1,650.0,88.061
1533,F1Na1,2000.0,71.128
4244,O2Zr1,1478.0,80.108
713,Be1O4S1,500.0,116.357
444,B2Be3O6,1500.0,304.553
234,Br2Ti1,1400.0,91.32
1188,Cl1Na1,1073.8,67.37100000000001
3084,Nb1O1,2400.0,64.199
1680,Cu1O4S1,900.0,151.042
3161,O3Ti2,2800.0,156.774
3414,Na2O5Si2,1400.0,292.88
2324,F1K1,1800.0,71.128
1215,F2Hg1,300.0,74.89399999999999
763,Ba1I2,600.0,83.51299999999999
3788,Mo2S3,1800.0,169.33900000000003
306,Be2O4Si1,800.0,166.021
1560,H3O4P1,300.0,106.608
2889,N1Ti1,3900.0,79.203
697,Be1O4S1,2100.0,200.832
3379,Ca1Cl2,1500.0,100.416
1323,Co1,800.0,32.426
3594,Cu1,300.0,24.462
4360,P1,400.0,25.313
4491,V1,1300.0,32.74
845,C1Be2,3100.0,92.705
41,Al1Cl4K1,700.0,190.79
1160,Cl1Li1,700.0,57.781000000000006
1902,Al1I3,800.0,126.918
4042,O1Pb1,1100.0,61.672
1977,H4I1N1,1900.0,153.599
346,Br2Hg2,298.0,104.6
1499,Be1Cl2,1200.0,84.67200000000001
813,Cs1,900.0,37.656
1484,Fe0.947O1,1300.0,59.496
1181,Fe0.877S1,400.0,56.149
4245,O2Zr1,1478.0,74.475
837,Al1H4Li1,700.0,111.294
4358,P1,500.0,26.485
1318,Co1,1300.0,48.66
2713,Mg1S1,2700.0,58.953
1598,H1Na1O1,800.0,86.023
3392,Ca1Cl2,300.0,72.92699999999999
3289,O3W1,800.0,98.239
1210,F2Hg1,800.0,85.354
1041,Cu1O1,1500.0,59.395
652,Ba1,1000.0,39.066
1007,B1N1,1200.0,46.861
596,Br1H4N1,700.0,115.06
505,C0.98Nb1,700.0,48.911
4557,Zn1,692.73,29.802
4146,O2.96W1,2200.0,115.813
1787,Fe1,1400.0,38.535
4173,O2Pb1,500.0,71.69800000000001
3231,Nb1O2,400.0,63.547
2898,N1Ti1,3100.0,71.337
3142,Nb1,1700.0,31.221
368,Br3Ti1,600.0,125.507
491,C0.98Nb1,2100.0,58.158
3598,F1Li1,2200.0,75.53
1395,Co1F2,1400.0,85.839
225,Br3Zr1,1000.0,106.064
2982,Ni1S1,1300.0,71.58800000000001
3328,O4V2,1700.0,175.30200000000002
3372,O2.90W1,300.0,71.546
1306,Co1,2200.0,37.656
1280,Cl2Hg2,600.0,112.131
2871,Al2Mg1O4,1500.0,198.485
547,Al1Cl1O1,700.0,74.977
1701,H1Li1,298.0,27.957
1504,Be1Cl2,700.0,81.358
2913,N1Ti1,1600.0,57.128
2050,C1K2O3,1800.0,263.927
1378,Al1Li1O2,1300.0,106.671
3294,O3W1,300.0,73.304
4441,S1Sr1,300.0,48.727
4269,O3V2,1800.0,162.782
2046,I2Sr1,300.0,78.032
3908,Na2O2,600.0,108.445
3005,Na2O1,1243.15,98.14
1098,Cr2O3,600.0,120.549
4141,O2.96W1,2700.0,122.089
1459,Cl1Li1O4,300.0,105.437
3133,Nb1,2600.0,40.233
2688,Na2O3Si1,1500.0,188.1
1100,Cr2O3,400.0,112.675
458,Al1Cl4Na1,900.0,197.276
3439,O5Ti3,700.0,206.062
2159,Mg1O3Si1,1500.0,122.432
2330,F1K1,1200.0,66.777
1855,Cr1N1,600.0,50.417
1708,F2H1K1,1300.0,100.249
3013,Na2O1,800.0,91.291
1887,I1Li1,900.0,69.517
708,Be1O4S1,1000.0,174.43099999999998
1078,Cr2O3,2600.0,143.526
1852,Cr1N1,900.0,52.38399999999999
4415,S1Sr1,2900.0,66.212
145,Br2Ca1,300.0,75.124
1945,I2Pb1,800.0,95.102
3637,H2O2Sr1,500.0,101.755
629,Al1F6Li3,848.0,289.533
2033,F2Hg2,298.0,100.416
2810,I3Ti1,1300.0,124.064
3149,Nb1,1000.0,27.999
970,Al2O3,1600.0,133.361
4406,S1,700.0,31.045
3732,Li2O5Si2,600.0,205.685
1639,Cl1Na1O4,298.0,111.294
4077,O1Sr1,1200.0,57.639
4339,O4Si1Zr1,1600.0,150.624
2143,I2Mg1,700.0,84.726
1086,Cr2O3,1800.0,135.457
3208,Nb1O2,2200.0,83.052
4249,O2Zr1,1100.0,76.743
1709,F2H1K1,1200.0,100.249
3577,Cu1,1700.0,40.76
1777,Be3N2,300.0,64.668
3287,O3W1,1000.0,101.671
2514,Mg2O4Ti1,1200.0,191.69
2718,Mg1S1,2200.0,56.902
2172,Mg1O3Si1,600.0,106.997
2783,Mg1O3Ti1,1700.0,140.532
3618,F1Li1,300.0,41.93600000000001
1040,Cu1O1,1600.0,60.181
3203,Nb1O2,2700.0,83.052
1265,Br2Sr1,900.0,91.002
1743,Hg1O1,700.0,56.066
2556,C1Na2O3,1600.0,214.765
1710,F2H1K1,1100.0,100.249
2327,F1K1,1500.0,70.5
533,Al1Cl1O1,2100.0,82.958
1674,Cu1O4S1,1500.0,163.218
2309,Mn1,1000.0,37.698
3427,Na2O5Si2,600.0,217.576
2334,F1K1,900.0,59.078
2537,K1O2,298.0,77.53
2138,I2Mg1,1100.0,90.249
4242,O2Zr1,1600.0,74.475
483,C0.98Nb1,2900.0,62.174
2031,F2Hg2,400.0,104.684
128,B1H4Na1,600.0,108.617
853,C1Be2,2400.0,92.048
4163,O2.96W1,500.0,87.86399999999999
846,C1Be2,3000.0,92.621
4221,O2Ti1,300.0,55.471
3344,O4V2,300.0,115.787
341,Br2Hg2,700.0,117.529
2275,H1K1O1,1200.0,78.65899999999999
3148,Nb1,1100.0,28.405
1871,Fe1H3O3,298.0,101.671
2892,N1Ti1,3600.0,76.244
3906,Na2O2,785.0,113.596
1288,Fe1O1,1650.0,64.319
3204,Nb1O2,2600.0,83.052
3356,O2.90W1,1900.0,110.583
1682,Cu1O4S1,700.0,142.925
2146,I2Mg1,400.0,78.408
3556,Br2Mo1,500.0,81.797
577,Be1F4Li2,500.0,165.352
2993,Ni1S1,500.0,53.053
4384,Pb1S1,1600.0,61.714
2700,Na2O3Si1,400.0,127.779
1949,I2Pb1,500.0,80.391
277,B1Ti1,900.0,51.488
1952,I2Pb1,298.0,77.57300000000001
3212,Nb1O2,1900.0,83.052
2717,Mg1S1,2300.0,57.326
15,Be1I2,1300.0,89.115
1748,Hg1O1,298.0,44.062
1562,Fe3O4,2900.0,200.832
860,C1Be2,1700.0,90.843
131,B1H4Na1,300.0,86.64200000000001
3058,O1Ti1,1000.0,59.078
3151,Nb1,800.0,27.183000000000003
2682,Na2O3Si1,2100.0,206.376
1917,Fe1S1,1100.0,60.662
1304,Co1,2400.0,37.656
1414,Br2Fe1,964.0,95.054
4225,O2Zr1,3200.0,74.475
1023,Co1O4S1,1300.0,164.30599999999998
2776,Mg1O3Ti1,2300.0,148.833
741,Ba1I2,2600.0,112.968
796,C1K1N1,900.0,66.51100000000001
1691,H1Li1,1100.0,73.362
2762,K2O2,900.0,140.798
3091,Nb1O1,1800.0,58.831
1756,Be3N2,2400.0,129.588
2535,K1O2,400.0,83.889
2433,Al1Na1O2,600.0,94.27
271,B1Ti1,1500.0,52.727
3002,Na2O1,1405.2,99.913
1308,Co1,2000.0,37.656
2322,F1K1,298.0,48.982
3793,Mo2S3,1300.0,152.582
791,C1K1N1,1400.0,66.708
2949,N1V1,1300.0,56.986
2194,I2Zr1,800.0,98.157
4515,W1,3700.0,67.205
121,B1H4Na1,1300.0,132.675
1032,Co1O4S1,600.0,140.666
2109,Ca1S1,1700.0,56.761
1505,Be1Cl2,688.0,81.278
544,Al1Cl1O1,1000.0,79.245
2755,K2O2,1600.0,182.958
1002,B1N1,1700.0,48.93899999999999
2493,N0.465V1,400.0,32.677
3599,F1Li1,2100.0,74.72
2734,Mg1S1,600.0,49.915
665,Ba1,350.0,29.898000000000003
1430,Fe1I2,860.0,120.005
3382,Ca1Cl2,1200.0,91.63
1982,H4I1N1,1400.0,156.09799999999998
300,Be2O4Si1,1400.0,180.916
3122,F2Mg1,700.0,77.178
3865,N4Si3,1100.0,163.678
4259,O3V2,2700.0,193.437
1681,Cu1O4S1,800.0,147.695
205,Al1Br3,1200.0,124.767
2529,K1O2,1000.0,94.893
1199,F2Hg1,1800.0,106.274
4207,O2Ti1,1700.0,77.237
2192,I2Zr1,1000.0,99.83
3593,Cu1,350.0,24.975
2914,N1Ti1,1500.0,56.246
418,Al1F6Na3,500.0,248.634
2342,Li2O3Si1,2300.0,184.565
1715,F2H1K1,600.0,100.249
3876,N5P3,1300.0,271.207
4162,O2.96W1,600.0,92.257
3445,O5Ti3,298.0,154.808
2735,Mg1S1,500.0,48.953
1554,H3O4P1,800.0,258.069
754,Ba1I2,1300.0,112.968
669,Br4Ti1,1200.0,133.779
3179,O3Ti2,1100.0,147.528
2558,C1Na2O3,1400.0,209.74400000000003
2105,Ca1S1,2100.0,58.382
1065,Br1Na1,1020.0,61.337
2543,Mo1O3,1000.0,109.039
2565,C1Na2O3,800.0,153.344
1832,Cu1F1,500.0,57.656000000000006
2413,Al1Na1O2,2400.0,125.194
3447,O5V2,1300.0,192.46400000000003
662,Ba1,500.0,43.744
2829,Li2O2,1100.0,124.892
4309,O4S1Zn1,1400.0,145.185
2691,Na2O3Si1,1300.0,181.23
2339,F1K1,400.0,51.045
1492,Fe0.947O1,500.0,51.848
1030,Co1O4S1,800.0,152.047
590,Br1H4N1,1300.0,168.127
2507,Mg2O4Ti1,1900.0,215.765
280,B1Ti1,600.0,48.568000000000005
4407,S1,600.0,28.995
4330,O4Si1Zr1,2500.0,150.624
811,Be1H2O2,400.0,82.902
2747,Cu2O5S1,700.0,195.811
3333,O4V2,1200.0,165.209
3176,O3Ti2,1400.0,150.08
2274,H1K1O1,1300.0,78.65899999999999
53,Al2Be1O4,1800.0,195.79
1889,I1Li1,700.0,62.258
3783,Mo2S3,2200.0,182.625
1075,Cr2O3,2800.0,145.333
2685,Na2O3Si1,1800.0,197.56
3081,Nb1O1,2700.0,66.87100000000001
2935,N1V1,2700.0,70.166
2485,N0.465V1,1200.0,44.852
2336,F1K1,700.0,55.856
3904,Na2O2,800.0,113.596
1552,F1Na1,298.0,46.852
1428,Fe1I2,1000.0,136.817
1154,Cl1Li1,1200.0,68.358
847,C1Be2,2900.0,92.534
1791,Fe1,1100.0,46.401
3010,Na2O1,1023.15,95.265
1797,Fe1,700.0,34.602
1042,Cu1O1,1400.0,58.601000000000006
1548,F1Na1,600.0,52.677
1454,Cl1Li1O4,700.0,160.03799999999998
1074,Cr2O3,2900.0,146.24200000000002
138,Br2Ca1,1000.0,88.617
788,C1K1N1,1700.0,66.82600000000001
4206,O2Ti1,1800.0,77.362
2415,Al1Na1O2,2200.0,122.759
1601,H1Na1O1,596.0,86.023
2868,Al2Mg1O4,1800.0,209.652
676,Br4Ti1,500.0,133.779
2320,Mn1,300.0,26.347
2920,N1Ti1,900.0,51.38399999999999
637,Al1F6Li3,400.0,229.86900000000003
272,B1Ti1,1400.0,52.593
2859,Al2Mg1O4,2600.0,238.697
4131,O2.72W1,900.0,93.471
1139,Cr2N1,900.0,87.738
3558,Br2Mo1,300.0,79.705
4434,S1Sr1,1000.0,56.233
3290,O3W1,700.0,96.141
3322,K1,300.0,29.573
3849,N4Si3,2700.0,187.567
3454,O5V2,700.0,173.234
2879,Al2Mg1O4,700.0,164.155
3197,Ca1,600.0,30.382
1698,H1Li1,500.0,40.735
4128,O2.72W1,1200.0,97.822
1025,Co1O4S1,1100.0,160.415
27,Be1I2,298.0,68.961
3927,Na2S1,800.0,90.165
4047,O1Pb1,700.0,56.651
3107,Nb1O1,298.0,41.112
2957,N1V1,500.0,46.183
1083,Cr2O3,2100.0,139.056
1577,Fe3O4,1400.0,200.832
2772,Mg1O3Ti1,2700.0,154.975
4465,Ti1,1100.0,34.334
958,Al2O3,2700.0,141.754
841,Al1H4Li1,300.0,86.944
2950,N1V1,1200.0,55.907
1884,I1Li1,1200.0,74.559
962,Al2O3,2327.0,138.934
2681,Na2O3Si1,2200.0,209.213
2779,Mg1O3Ti1,2000.0,144.595
976,Al2O3,1000.0,124.771
241,Br2Ti1,700.0,83.295
217,Br3Zr1,1800.0,106.525
2698,Na2O3Si1,600.0,147.114
326,Al1,800.0,30.562
1006,B1N1,1300.0,47.698
301,Be2O4Si1,1300.0,179.636
3334,O4V2,1100.0,162.987
1580,Fe3O4,1100.0,200.832
1184,Cl1Na1,1400.0,77.53
1423,Br2Fe1,300.0,80.274
1867,Fe1H3O3,600.0,140.582
1534,F1Na1,1900.0,71.128
3450,O5V2,1000.0,183.678
2157,Mg1O3Si1,1700.0,122.432
2491,N0.465V1,600.0,36.815
4568,Zr1,1300.0,34.681
843,C1Be2,3300.0,92.864
1627,H1Na1,1300.0,62.425
3754,Mg1,400.0,26.144
571,Be1F4Li2,1000.0,239.911
1256,Br2Sr1,298.0,76.85300000000001
3123,F2Mg1,600.0,75.32
3254,O4Pb3,1200.0,215.894
758,Ba1I2,984.0,91.211
3215,Nb1O2,1600.0,83.052
3177,O3Ti2,1300.0,149.369
3731,Li2O5Si2,700.0,214.89
761,Ba1I2,800.0,87.529
2121,Ca1S1,500.0,50.501000000000005
2517,Mg2O4Ti1,900.0,179.36
1374,Al1Li1O2,1700.0,112.14
4458,Sr1,298.0,26.791
735,Ba1F2,600.0,80.333
3279,O3W1,1600.0,107.149
228,Br3Zr1,700.0,105.018
2500,Mg2O4Ti1,2500.0,233.049
3744,Mg1,1200.0,37.164
1307,Co1,2100.0,37.656
1302,Fe1O1,300.0,49.999
1014,B1N1,500.0,31.38
2980,Ni1S1,1500.0,77.278
4236,O2Zr1,2200.0,74.475
4386,Pb1S1,1400.0,59.957
3354,O2.90W1,2100.0,113.094
3363,O2.90W1,1200.0,101.88
3870,N4Si3,600.0,129.704
3022,I4Si1,393.65,116.388
1703,F2H1K1,1800.0,100.249
1156,Cl1Li1,1000.0,64.17
850,C1Be2,2600.0,92.253
636,Al1F6Li3,500.0,248.111
2557,C1Na2O3,1500.0,212.547
1141,Cr2N1,700.0,82.257
3150,Nb1,900.0,27.593000000000004
3733,Li2O5Si2,500.0,192.673
4078,O1Sr1,1100.0,56.873000000000005
1527,F1Na1,2600.0,71.128
625,Al1F6Li3,1000.0,305.432
3365,O2.90W1,1000.0,99.244
4213,O2Ti1,1100.0,75.814
3019,Na2O1,298.0,69.10300000000001
2938,N1V1,2400.0,67.53
3919,Na2S1,1400.0,137.15200000000002
123,B1H4Na1,1100.0,130.039
632,Al1F6Li3,748.0,279.073
257,B1Ti1,2900.0,54.601000000000006
4266,O3V2,2100.0,172.847
1677,Cu1O4S1,1200.0,158.113
1693,H1Li1,961.8,65.985
4271,O3V2,1600.0,156.221
1985,H4I1N1,1100.0,139.327
1588,Fe3O4,500.0,192.38
2488,N0.465V1,900.0,41.095
1890,I1Li1,600.0,58.66
1264,Br2Sr1,918.0,115.06
1870,Fe1H3O3,300.0,102.09
1381,Al1Li1O2,1000.0,102.006
1528,F1Na1,2500.0,71.128
531,Al1Cl1O1,2300.0,83.036
2611,Mo1S2,600.0,73.597
2133,K2O4S1,300.0,131.666
4554,Zn1,900.0,32.716
4228,O2Zr1,2950.0,74.475
1565,Fe3O4,2600.0,200.832
528,Al1Cl1O1,2600.0,83.052
3890,Na2O2,2200.0,113.596
2325,F1K1,1700.0,71.128
2145,I2Mg1,500.0,80.919
4169,O2Pb1,900.0,78.602
702,Be1O4S1,1600.0,200.004
2011,Hf1,900.0,31.12
3444,O5Ti3,300.0,155.477
2338,F1K1,500.0,52.718
2739,Cu2O5S1,298.0,141.043
1578,Fe3O4,1300.0,200.832
2985,Ni1S1,1100.0,65.898
2551,Mo1O3,298.0,74.881
2763,K2O2,800.0,134.725
3781,Mo2S3,298.0,109.294
543,Al1Cl1O1,1100.0,80.04
1980,H4I1N1,1600.0,159.666
2333,F1K1,1000.0,61.17
4214,O2Ti1,1000.0,75.354
4222,O2Zr1,298.0,56.191
3386,Ca1Cl2,900.0,83.094
95,B2Mg1,700.0,64.015
2771,Mg1O3Ti1,2800.0,156.615
3385,Ca1Cl2,1000.0,85.772
3705,Li2O4S1,700.0,182.36
494,C0.98Nb1,1800.0,56.651
536,Al1Cl1O1,1800.0,82.62
2697,Na2O3Si1,700.0,153.946
2864,Al2Mg1O4,2200.0,224.254
1301,Fe1O1,400.0,51.84
3377,Ca1Cl2,1700.0,106.274
3649,I1K1,1100.0,71.546
33,Be1F3Li1,650.0,135.98
797,C1K1N1,895.0,66.509
4421,S1Sr1,2300.0,63.074
250,B1Ti1,3600.0,55.538
3435,O5Ti3,1100.0,218.405
3721,Li2O5Si2,1400.0,251.207
2343,Li2O3Si1,2200.0,182.59
3742,Mg1,1400.0,41.673
2885,N1Ti1,4300.0,83.161
2504,Mg2O4Ti1,2100.0,221.831
4502,V1,350.0,25.681
3266,O3W1,2800.0,127.194
4444,Sr1,1300.0,37.604
2321,Mn1,298.0,26.299
4161,O2.96W1,700.0,95.312
1563,Fe3O4,2800.0,200.832
3147,Nb1,1200.0,28.798
806,Be1H2O2,900.0,110.399
3004,Na2O1,1300.0,98.788
1774,Be3N2,600.0,106.516
1455,Cl1Li1O4,600.0,152.716
4445,Sr1,1200.0,36.428
3085,Nb1O1,2300.0,63.306
3612,F1Li1,900.0,57.697
937,Cu1F2,1800.0,94.558
412,Al1F6Na3,1000.0,318.582
2196,I2Zr1,700.0,97.445
1509,Be1Cl2,300.0,65.01899999999999
3295,O3W1,298.0,73.139
1068,Br1Na1,800.0,58.576
3578,Cu1,1600.0,38.593
4292,O4Pb2Si1,1300.0,193.719
1472,Cl2Cu1,298.0,71.881
2053,C1K2O3,1500.0,235.81
302,Be2O4Si1,1200.0,178.197
3155,Nb1,450.0,25.653
1999,Hf1,2054.0,39.648
2775,Mg1O3Ti1,2400.0,150.31
3881,N5P3,800.0,255.224
2480,N0.465V1,1700.0,50.823
3847,N4Si3,2900.0,188.056
2954,N1V1,800.0,51.212
1330,Co1,400.0,26.527
4151,O2.96W1,1700.0,109.537
2425,Al1Na1O2,1200.0,105.847
4506,W1,4600.0,116.629
940,Cu1F2,1500.0,94.224
3428,Na2O5Si2,500.0,203.246
2837,Li2O2,300.0,70.919
325,Al1,900.0,32.308
950,Cu1F2,600.0,81.92299999999999
273,B1Ti1,1300.0,52.459
422,Ca1H2O2,800.0,113.512
2550,Mo1O3,300.0,75.107
288,Be2O4Si1,2600.0,191.928
291,Be2O4Si1,2300.0,189.267
1507,Be1Cl2,500.0,77.53
496,C0.98Nb1,1600.0,55.605
1695,H1Li1,800.0,57.3
3098,Nb1O1,1100.0,52.418
2994,Ni1S1,400.0,50.501000000000005
3845,N2O4,300.0,122.675
139,Br2Ca1,900.0,85.85600000000001
1948,I2Pb1,600.0,83.713
2793,Mg1O3Ti1,700.0,122.353
4290,O4Pb2Si1,1500.0,196.648
2006,Hf1,1400.0,35.064
269,B1Ti1,1700.0,52.995
3891,Na2O2,2100.0,113.596
4571,Zr1,1100.0,32.306
2030,F2Hg2,500.0,108.407
3797,Mo2S3,900.0,138.775
4496,V1,800.0,28.66
262,B1Ti1,2400.0,53.932
4041,O1Pb1,1200.0,62.927
2905,N1Ti1,2400.0,64.559
4055,O1Sr1,3300.0,71.785
4528,W1,2500.0,34.736
2345,Li2O3Si1,2000.0,178.40599999999998
3100,Nb1O1,900.0,50.481
3345,O4V2,298.0,115.399
309,Be2O4Si1,500.0,136.942
4549,W1,450.0,25.144
1058,Br1Na1,1700.0,69.925
2495,N0.465V1,298.0,28.877
2283,H1K1O1,516.0,80.961
1297,Fe1O1,800.0,57.321000000000005
834,Al1H4Li1,1000.0,117.78
1653,Cl1Na1O4,300.0,111.713
3880,N5P3,900.0,261.5
1979,H4I1N1,1700.0,159.166
2758,K2O2,1300.0,164.983
3097,Nb1O1,1200.0,53.359
1590,Fe3O4,300.0,147.695
2785,Mg1O3Ti1,1500.0,137.821
1195,Cl1Na1,400.0,52.35
101,Be1F2,1200.0,87.529
3900,Na2O2,1200.0,113.596
2958,N1V1,400.0,43.29600000000001
4548,W1,500.0,25.359
1475,Fe0.947O1,2200.0,64.434
602,Br1H4N1,300.0,88.89299999999999
4495,V1,900.0,29.372
627,Al1F6Li3,978.0,303.131
367,Br3Ti1,700.0,137.21
1305,Co1,2300.0,37.656
2201,I2Zr1,298.0,94.14
1589,Fe3O4,400.0,171.12599999999998
4546,W1,700.0,26.229
2563,C1Na2O3,1000.0,179.201
2786,Mg1O3Ti1,1400.0,136.423
1298,Fe1O1,700.0,56.149
2032,F2Hg2,300.0,100.5
1148,Cl1Li1,1800.0,80.797
3043,O1Ti1,2400.0,84.22399999999999
599,Br1H4N1,411.0,92.844
3711,Li2O5Si2,2400.0,263.48
3924,Na2S1,1100.0,110.458
4295,O4Pb2Si1,1000.0,189.117
3214,Nb1O2,1700.0,83.052
45,Al1Cl4K1,300.0,156.649
1198,F2Hg1,1900.0,108.366
14,Be1I2,1400.0,89.34100000000001
2741,Cu2O5S1,1300.0,226.313
4507,W1,4500.0,111.137
3046,O1Ti1,2100.0,78.91
4296,O4Pb2Si1,900.0,186.774
4482,V1,2190.0,44.141000000000005
3409,Na2O5Si2,1900.0,292.88
4476,Ti1,298.0,25.238000000000003
1851,Cr1N1,1000.0,53.053
4142,O2.96W1,2600.0,120.834
1925,Fe1S1,500.0,72.358
978,Al2O3,800.0,120.135
440,B2Be3O6,1900.0,313.382
971,Al2O3,1500.0,132.29
2111,Ca1S1,1500.0,55.987
23,Be1I2,600.0,84.19
4355,P1,800.0,26.485
721,Ba1F2,1600.0,107.654
46,Al1Cl4K1,298.0,156.482
4455,Sr1,400.0,27.777
4422,S1Sr1,2200.0,62.551
366,Br3Ti1,800.0,147.27700000000002
243,Br2Ti1,500.0,81.002
503,C0.98Nb1,900.0,51.087
263,B1Ti1,2300.0,53.798
4143,O2.96W1,2500.0,119.579
1781,Fe1,1809.0,42.558
2122,Ca1S1,400.0,49.20399999999999
4023,Ni3S4,500.0,193.807
3350,O2.90W1,2500.0,118.114
3920,Na2S1,1300.0,187.652
4175,O2Pb1,300.0,61.318000000000005
3911,Na2O2,300.0,89.40799999999999
206,Al1Br3,1100.0,124.683
2597,Mo1S2,2000.0,86.35799999999999
580,Be1F4Li2,298.0,135.269
1540,F1Na1,1300.0,66.944
2041,I2Sr1,800.0,91.755
1010,B1N1,900.0,42.593
1439,Fe1I2,298.0,83.68
3707,Li2O4S1,500.0,154.47299999999998
4513,W1,3900.0,78.188
3643,I1K1,1700.0,75.234
3734,Li2O5Si2,400.0,174.891
4509,W1,4300.0,100.154
1508,Be1Cl2,400.0,72.76
3892,Na2O2,2000.0,113.596
3103,Nb1O1,600.0,47.20399999999999
2303,Mn1,1400.0,43.43
4391,Pb1S1,900.0,55.271
2979,Ni1S1,1600.0,80.124
2499,Mg2O4Ti1,2600.0,235.668
1376,Al1Li1O2,1500.0,109.466
1576,Fe3O4,1500.0,200.832
1189,Cl1Na1,1000.0,64.865
3138,Nb1,2100.0,34.275
1944,I2Pb1,900.0,102.428
2468,N0.465V1,2900.0,62.425
2052,C1K2O3,1600.0,245.182
358,B1H3O3,400.0,100.207
2940,N1V1,2200.0,65.77199999999999
3105,Nb1O1,400.0,44.032
2525,K1O2,1400.0,96.148
3113,F2Mg1,1536.0,83.635
2421,Al1Na1O2,1600.0,112.943
4301,O4Pb2Si1,400.0,152.005
2594,Mo1S2,2300.0,88.65899999999999
3888,Na2O2,2400.0,113.596
2416,Al1Na1O2,2100.0,121.366
3198,Ca1,500.0,28.487
2346,Li2O3Si1,1900.0,176.188
220,Br3Zr1,1500.0,106.399
598,Br1H4N1,500.0,87.195
666,Ba1,300.0,28.142
490,C0.98Nb1,2200.0,58.66
720,Ba1F2,1641.0,107.654
1778,Fe1,2100.0,45.48
4387,Pb1S1,1300.0,59.036
3360,O2.90W1,1500.0,105.688
2090,H2O4W1,700.0,170.707
4022,Ni3S4,600.0,208.171
3343,O4V2,340.0,127.621
2992,Ni1S1,600.0,55.312
3894,Na2O2,1800.0,113.596
1676,Cu1O4S1,1300.0,159.954
1788,Fe1,1300.0,38.493
1024,Co1O4S1,1200.0,162.465
3048,O1Ti1,1900.0,75.396
4298,O4Pb2Si1,700.0,180.12099999999998
353,B1H3O3,900.0,155.017
296,Be2O4Si1,1800.0,184.749
1163,Cl1Li1,400.0,50.969
2784,Mg1O3Ti1,1600.0,139.185
992,B1N1,2700.0,48.953
1493,Fe0.947O1,400.0,50.38
1864,Fe1H3O3,900.0,160.247
282,B1Ti1,400.0,40.334
3364,O2.90W1,1100.0,100.562
1652,Cl1Na1O4,400.0,135.98
3750,Mg1,700.0,29.279
1761,Be3N2,1900.0,129.411
488,C0.98Nb1,2400.0,59.664
3357,O2.90W1,1800.0,109.328
293,Be2O4Si1,2100.0,187.493
4263,O3V2,2340.0,181.021
2942,N1V1,2000.0,63.932
1750,Be3N2,2900.0,129.692
4068,O1Sr1,2100.0,63.898
2881,Al2Mg1O4,500.0,149.829
2725,Mg1S1,1500.0,54.073
3416,Na2O5Si2,1200.0,292.88
3859,N4Si3,1700.0,182.171
2012,Hf1,800.0,30.288
3339,O4V2,600.0,148.44799999999998
2903,N1Ti1,2600.0,66.48
3583,Cu1,1200.0,30.519
4283,O3V2,400.0,117.54
2347,Li2O3Si1,1800.0,173.887
2781,Mg1O3Ti1,1900.0,143.231
2354,Li2O3Si1,1200.0,158.57399999999998
2896,N1Ti1,3220.0,72.513
237,Br2Ti1,1100.0,87.881
1009,B1N1,1000.0,44.35
2902,N1Ti1,2700.0,67.446
2798,Mg1O3Ti1,298.0,91.881
2544,Mo1O3,900.0,104.441
446,B2Be3O6,1300.0,299.574
2417,Al1Na1O2,2000.0,119.858
3202,Ca1,300.0,25.946
2353,Li2O3Si1,1300.0,161.293
2010,Hf1,1000.0,31.943
2496,Mg2O4Ti1,2900.0,243.086
344,Br2Hg2,400.0,109.621
310,Be2O4Si1,400.0,120.75
3361,O2.90W1,1400.0,104.558
756,Ba1I2,1100.0,112.968
493,C0.98Nb1,1900.0,57.153
3887,Na2O2,298.0,89.266
1586,Fe3O4,700.0,232.71400000000003
2919,N1Ti1,1000.0,52.145
336,Br2Hg2,1200.0,123.47
4021,Ni3S4,700.0,222.539
500,C0.98Nb1,1200.0,53.304
3143,Nb1,1600.0,30.606
2470,N0.465V1,2700.0,60.584
3915,Na2S1,1700.0,133.888
4275,O3V2,1200.0,143.718
3272,O3W1,2200.0,117.152
2066,C1K2O3,300.0,114.699
3348,O2.90W1,2700.0,120.625
2271,I4Ti1,298.0,125.629
2808,I3Ti1,298.0,116.771
2986,Ni1S1,1000.0,63.053
4208,O2Ti1,1600.0,77.111
3165,O3Ti2,2400.0,155.185
1840,Cr1N1,2100.0,60.375
2901,N1Ti1,2800.0,68.413
133,Br2Ca1,1400.0,103.387
3187,O3Ti2,470.01,127.653
1370,Al1Li1O2,2000.0,116.022
852,C1Be2,2400.0,92.048
442,B2Be3O6,1700.0,308.905
830,Al1H4Li1,1400.0,121.043
2998,Na2O1,1800.0,103.617
747,Ba1I2,2000.0,112.968
4053,O1Sr1,3500.0,73.086
2100,Ca1S1,2600.0,60.291
3061,O1Ti1,700.0,53.095
1263,Br2Sr1,918.0,91.717
65,Al2Be1O4,600.0,154.97
3016,Na2O1,500.0,81.49600000000001
428,Ca1H2O2,298.0,87.48700000000001
2946,N1V1,1600.0,60.124
3358,O2.90W1,1700.0,108.073
1986,H4I1N1,1000.0,132.089
4511,W1,4100.0,89.171
1035,Co1O4S1,300.0,103.638
283,B1Ti1,300.0,29.916
2124,K2O4S1,1100.0,239.365
1180,Fe0.877S1,500.0,62.383
1647,Cl1Na1O4,700.0,168.511
2554,C1Na2O3,1800.0,218.656
3907,Na2O2,700.0,112.332
3008,Na2O1,1100.0,96.353
4284,O3V2,300.0,105.26
1821,Cu1F1,1600.0,64.434
1922,Fe1S1,600.0,62.03
1953,I4Zr1,900.0,138.365
648,Ba1,1400.0,39.066
60,Al2Be1O4,1100.0,177.03
2191,I2Zr1,1100.0,100.583
1039,Cu1O1,1700.0,60.958
4059,O1Sr1,2938.0,69.425
3145,Nb1,1400.0,29.589
2356,Li2O3Si1,1000.0,152.30200000000002
1779,Fe1,2000.0,44.476000000000006
1845,Cr1N1,1600.0,57.028
4342,O4Si1Zr1,1300.0,150.164
3374,Ca1Cl2,298.0,72.85600000000001
1322,Co1,900.0,34.518
321,Al1,298.0,24.209
4412,S1,350.0,23.87
2019,Hf1,300.0,25.708
3321,K1,336.35,34.567
3108,F2Mg1,298.0,61.547
3389,Ca1Cl2,600.0,78.199
4084,O1Sr1,500.0,50.534
2246,H1K1,600.0,51.923
3226,Nb1O2,900.0,83.479
2497,Mg2O4Ti1,2800.0,240.685
1179,Fe0.877S1,598.0,58.175
4397,Pb1S1,300.0,49.455
2474,N0.465V1,2300.0,56.902
4305,O4S1Zn1,1800.0,145.185
3375,Ca1Cl2,1900.0,112.131
2680,Na2O3Si1,2300.0,212.016
109,Be1F2,500.0,76.048
1056,Br1Na1,1900.0,72.645
3127,Nb1,3100.0,53.879
105,Be1F2,825.0,74.977
2738,Mg1S1,298.0,45.56399999999999
1203,F2Hg1,1400.0,97.906
1473,Fe0.947O1,2400.0,64.74
3172,O3Ti2,1800.0,152.465
4450,Sr1,800.0,31.935
3338,O4V2,700.0,152.175
1675,Cu1O4S1,1400.0,161.628
3276,O3W1,1800.0,110.458
839,Al1H4Li1,500.0,101.253
1866,Fe1H3O3,700.0,148.114
2800,Na2S2,800.0,126.591
2490,N0.465V1,700.0,38.359
1960,I4Zr1,298.0,127.8
1333,Co1,298.0,24.802
855,C1Be2,2200.0,91.885
3192,Ca1,1000.0,39.026
2348,Li2O3Si1,1700.0,171.502
4314,O4S1Zn1,1013.0,145.185
2819,I3Ti1,400.0,117.512
4279,O3V2,800.0,132.639
2733,Mg1S1,700.0,50.543
369,Br3Ti1,500.0,114.709
69,Al2Be1O4,298.0,105.38
2811,I3Ti1,1200.0,123.336
1844,Cr1N1,1700.0,57.697
2147,I2Mg1,300.0,74.977
4446,Sr1,1100.0,35.273
2751,Cu2O5S1,300.0,141.41899999999998
3104,Nb1O1,500.0,45.827
3095,Nb1O1,1400.0,55.208
2817,I3Ti1,600.0,118.968
3657,I1K1,400.0,53.932
825,Al1H4Li1,1900.0,123.763
2197,I2Zr1,600.0,96.609
2318,Mn1,400.0,28.527
3110,F2Mg1,1800.0,84.77600000000001
4535,W1,1800.0,31.284
4430,S1Sr1,1400.0,58.409
2510,Mg2O4Ti1,1600.0,206.041
3752,Mg1,500.0,27.171
2022,F2Hg2,1300.0,124.872
664,Ba1,400.0,33.229
1771,Be3N2,900.0,121.043
3588,Cu1,700.0,26.996
38,Be1F3Li1,298.0,91.816
1403,Co1F2,600.0,80.789
1166,Fe0.877S1,1700.0,86.10700000000001
1886,I1Li1,1000.0,71.965
628,Al1F6Li3,900.0,294.972
450,B2Be3O6,900.0,277.567
3391,Ca1Cl2,400.0,75.64699999999999
2858,Al2Mg1O4,2700.0,242.291
497,C0.98Nb1,1500.0,55.06100000000001
1424,Fe1I2,1400.0,142.256
1556,H3O4P1,600.0,197.485
3869,N4Si3,700.0,138.072
4429,S1Sr1,1500.0,58.937
140,Br2Ca1,800.0,83.471
2013,Hf1,700.0,29.445
2696,Na2O3Si1,800.0,159.749
4580,Zr1,350.0,25.606
3753,Mg1,450.0,26.668000000000003
2508,Mg2O4Ti1,1800.0,212.61
3930,Na2S1,500.0,85.772
17,Be1I2,1100.0,88.337
1746,Hg1O1,400.0,48.325
1389,Co1F2,1900.0,87.441
1842,Cr1N1,1900.0,59.078
663,Ba1,450.0,38.031
2314,Mn1,700.0,33.426
1437,Fe1I2,400.0,83.931
1017,Co1O4S1,1900.0,173.259
4048,O1Pb1,600.0,55.396
4438,S1Sr1,600.0,53.179
623,Al1F6Li3,1100.0,315.892
3850,N4Si3,2600.0,187.303
824,Al1H4Li1,298.0,86.4
1525,F1Na1,2800.0,71.128
2238,H1K1,1400.0,63.301
1292,Fe1O1,1300.0,61.975
1312,Co1,1700.0,37.782
1303,Fe1O1,298.0,49.915
990,B1N1,2900.0,48.953
363,Br3Ti1,1100.0,161.084
3099,Nb1O1,1000.0,51.467
2833,Li2O2,700.0,103.428
2988,Ni1S1,800.0,57.363
118,B1H4Na1,1600.0,133.428
2432,Al1Na1O2,700.0,98.291
210,Al1Br3,700.0,124.348
4357,P1,600.0,26.485
2990,Ni1S1,652.0,56.372
2247,H1K1,500.0,48.534
4488,V1,1600.0,35.857
2999,Na2O1,1700.0,102.734
247,B1Ti1,3900.0,55.94
4443,Sr1,1400.0,38.801
1021,Co1O4S1,1500.0,167.56900000000002
3784,Mo2S3,2100.0,179.30900000000003
84,B2Mg1,1800.0,90.249
1793,Fe1,1042.0,83.681
4216,O2Ti1,800.0,73.86
135,Br2Ca1,1200.0,95.563
4056,O1Sr1,3200.0,71.132
4565,Zr1,1600.0,37.762
4317,O4S1Zn1,800.0,139.704
1998,Hf1,2100.0,39.97
2827,Li2O2,1300.0,134.98
751,Ba1I2,1600.0,112.968
4413,S1,300.0,22.744
541,Al1Cl1O1,1300.0,81.243
4459,Ti1,1600.0,55.22
3910,Na2O2,400.0,97.721
4133,O2.72W1,700.0,89.81
812,Be1H2O2,300.0,66.053
1419,Br2Fe1,650.0,88.069
579,Be1F4Li2,300.0,135.52
1410,Br2Fe1,1300.0,102.533
2501,Mg2O4Ti1,2400.0,230.358
495,C0.98Nb1,1700.0,56.13399999999999
2527,K1O2,1200.0,95.73
2936,N1V1,2600.0,69.28699999999999
699,Be1O4S1,1900.0,200.832
427,Ca1H2O2,300.0,87.78
437,B2Be3O6,2200.0,319.658
988,B1N1,3100.0,48.953
3713,Li2O5Si2,2200.0,263.17400000000004
725,Ba1F2,1400.0,114.014
3378,Ca1Cl2,1600.0,103.345
1790,Fe1,1184.0,41.422
202,Al1Br3,298.0,100.578
1706,F2H1K1,1500.0,100.249
487,C0.98Nb1,2500.0,60.166
2422,Al1Na1O2,1500.0,111.169
2899,N1Ti1,3000.0,70.362
1800,Fe1,450.0,28.518
1089,Cr2O3,1500.0,132.482
3319,K1,298.0,29.497
502,C0.98Nb1,1000.0,51.923
624,Al1F6Li3,1058.0,311.499
3017,Na2O1,400.0,75.77600000000001
707,Be1O4S1,1100.0,183.088
3647,I1K1,1300.0,74.09
322,Al1,1100.0,36.722
4392,Pb1S1,800.0,54.308
3576,Cu1,1800.0,42.928
3257,O4Pb3,900.0,203.342
4537,W1,1600.0,30.334
1794,Fe1,1000.0,54.434
4254,O2Zr1,600.0,70.237
1649,Cl1Na1O4,581.0,158.57399999999998
279,B1Ti1,700.0,50.124
1641,Cl1Na1O4,1300.0,201.083
99,B2Mg1,300.0,47.865
1830,Cu1F1,700.0,60.961000000000006
4494,V1,1000.0,30.083
1452,Cl1Li1O4,900.0,172.067
2690,Na2O3Si1,1362.0,183.407
2200,I2Zr1,300.0,94.349
3159,Nb1,298.0,24.694000000000003
3286,O3W1,1050.0,98.144
1170,Fe0.877S1,1300.0,62.676
805,Be1H2O2,298.0,65.70100000000001
1257,Br2Sr1,1400.0,115.06
1645,Cl1Na1O4,900.0,181.586
415,Al1F6Na3,800.0,290.78
4270,O3V2,1700.0,159.481
3129,Nb1,2900.0,47.342
1161,Cl1Li1,600.0,55.593
1570,Fe3O4,2100.0,200.832
4543,W1,1000.0,27.564
2176,Mg1O3Si1,298.0,81.927
3273,O3W1,2100.0,115.478
4313,O4S1Zn1,1013.0,142.13
4439,S1Sr1,500.0,51.882
62,Al2Be1O4,900.0,170.87
4113,O2.72W1,2700.0,117.068
2463,N0.465V1,3400.0,66.777
795,C1K1N1,1000.0,66.551
1126,Cr2N1,2200.0,122.591
3903,Na2O2,900.0,113.596
1329,Co1,450.0,27.39
576,Be1F4Li2,600.0,180.247
2120,Ca1S1,600.0,51.547
421,Ca1H2O2,900.0,116.022
4472,Ti1,450.0,27.418000000000003
2687,Na2O3Si1,1600.0,191.347
1990,H4I1N1,600.0,103.261
714,Be1O4S1,400.0,103.88
532,Al1Cl1O1,2200.0,83.01100000000001
56,Al2Be1O4,1500.0,185.91
3782,Mo2S3,2300.0,185.939
819,Cs1,400.0,36.066
43,Al1Cl4K1,500.0,174.305
2750,Cu2O5S1,400.0,162.339
1044,Cu1O1,1200.0,56.978
3864,N4Si3,1200.0,168.49
3261,O4Pb3,500.0,184.096
4274,O3V2,1300.0,146.741
817,Cs1,500.0,37.196
335,Br2Hg2,1300.0,124.209
2813,I3Ti1,1000.0,121.88
2923,N1Ti1,600.0,48.723
2281,H1K1O1,679.0,78.65899999999999
1266,Br2Sr1,800.0,87.571
572,Be1F4Li2,900.0,225.004
655,Ba1,800.0,39.066
744,Ba1I2,2300.0,112.968
1064,Br1Na1,1100.0,62.342
142,Br2Ca1,600.0,80.5
2135,I2Mg1,1400.0,93.763
2409,Al1Na1O2,2800.0,128.666
569,Be1F4Li2,1200.0,269.72900000000004
952,Cu1F2,400.0,72.383
4140,O2.96W1,2800.0,123.344
4039,O1Pb1,298.0,45.773
3210,Nb1O2,2100.0,83.052
1316,Co1,1394.0,54.978
3717,Li2O5Si2,1800.0,261.082
736,Ba1F2,500.0,78.45
2679,Na2O3Si1,2400.0,214.781
1892,I1Li1,400.0,53.43
3584,Cu1,1100.0,29.479
110,Be1F2,500.0,76.048
1993,H4I1N1,300.0,81.881
3184,O3Ti2,600.0,136.44
2360,Li2O3Si1,600.0,134.306
2065,C1K2O3,400.0,128.135
4111,O2.72W1,2900.0,119.579
100,B2Mg1,298.0,47.823
3551,Br2Mo1,1000.0,87.027
3415,Na2O5Si2,1300.0,292.88
1320,Co1,1100.0,39.832
504,C0.98Nb1,800.0,50.124
429,B2Be3O6,298.0,139.746
4462,Ti1,1300.0,40.771
4025,Ni3S4,300.0,165.076
3884,N5P3,500.0,217.568
4469,Ti1,700.0,29.135
2487,N0.465V1,1000.0,42.376000000000005
526,Al1Cl1O1,2800.0,83.052
1128,Cr2N1,2000.0,117.487
218,Br3Zr1,1700.0,106.483
2280,H1K1O1,700.0,78.65899999999999
1894,I1Li1,298.0,50.082
1602,H1Na1O1,572.0,85.887
1928,Fe1S1,400.0,89.20299999999999
4337,O4Si1Zr1,1800.0,150.624
51,Al2Be1O4,2000.0,209.49
3362,O2.90W1,1300.0,103.303
2981,Ni1S1,1400.0,74.433
1054,Cu1O1,298.0,42.246
2193,I2Zr1,900.0,99.621
2164,Mg1O3Si1,1200.0,120.34
457,Al1Cl4Na1,298.0,154.975
1325,Co1,700.1,30.583
3174,O3Ti2,1600.0,151.377
3164,O3Ti2,2500.0,155.60299999999998
2722,Mg1S1,1800.0,55.312
4040,O1Pb1,1300.0,64.183
3846,N4Si3,298.0,99.533
4419,S1Sr1,2500.0,64.12
1829,Cu1F1,800.0,62.007
3355,O2.90W1,2000.0,111.838
1432,Fe1I2,700.0,95.395
842,C1Be2,3400.0,92.939
1435,Fe1I2,600.0,84.425
2606,Mo1S2,1100.0,79.119
31,Be1F3Li1,800.0,154.808
3604,F1Li1,1600.0,69.274
4428,S1Sr1,1600.0,59.455
1193,Cl1Na1,600.0,55.476000000000006
1053,Cu1O1,300.0,42.364
2768,K2O2,300.0,100.374
710,Be1O4S1,800.0,149.787
2721,Mg1S1,1900.0,55.647
1679,Cu1O4S1,1000.0,153.762
1397,Co1F2,1200.0,85.07700000000001
239,Br2Ti1,900.0,85.588
4235,O2Zr1,2300.0,74.475
2357,Li2O3Si1,900.0,148.565
4416,S1Sr1,2800.0,65.689
1673,Cu1O4S1,1600.0,164.72400000000002
1911,Fe1S1,1600.0,83.65299999999999
759,Ba1I2,984.0,112.968
4272,O3V2,1500.0,153.005
1566,Fe3O4,2500.0,200.832
2171,Mg1O3Si1,700.0,111.621
2195,I2Zr1,700.0,97.445
1997,Hf1,2200.0,40.671
1760,Be3N2,2000.0,129.452
673,Br4Ti1,800.0,133.779
1324,Co1,700.1,31.047
1296,Fe1O1,900.0,58.283
223,Br3Zr1,1200.0,106.232
4248,O2Zr1,1200.0,77.684
1865,Fe1H3O3,800.0,154.808
1057,Br1Na1,1800.0,71.267
85,B2Mg1,1700.0,88.162
4281,O3V2,600.0,127.326
2017,Hf1,400.0,26.751
4312,O4S1Zn1,1100.0,145.185
50,Al2Be1O4,2100.0,220.19
4287,O4Pb2Si1,1800.0,200.121
3220,Nb1O2,1200.0,92.885
3153,Nb1,600.0,26.347
3211,Nb1O2,2000.0,83.052
2824,Li2O2,1600.0,149.57
1050,Cu1O1,600.0,50.935
1214,F2Hg1,400.0,76.986
724,Ba1F2,1480.0,107.654
1480,Fe0.947O1,1700.0,62.787
3437,O5Ti3,900.0,213.384
1420,Br2Fe1,600.0,86.95200000000001
2003,Hf1,1700.0,37.167
1321,Co1,1000.0,36.987
4503,V1,300.0,24.928
1271,Br2Sr1,300.0,76.902
3336,O4V2,900.0,158.157
1711,F2H1K1,1000.0,100.249
2340,F1K1,300.0,49.022
4531,W1,2200.0,33.238
3139,Nb1,2000.0,33.43
3794,Mo2S3,1200.0,149.186
485,C0.98Nb1,2700.0,61.17
4456,Sr1,350.0,27.298
209,Al1Br3,800.0,124.432
963,Al2O3,2300.0,138.741
1196,Cl1Na1,300.0,50.543
1567,Fe3O4,2400.0,200.832
4540,W1,1300.0,28.93
3638,H2O2Sr1,400.0,88.45
4167,O2Pb1,1100.0,79.669
1125,Cr2N1,2300.0,124.934
3188,O3Ti2,400.0,117.529
359,B1H3O3,300.0,81.755
1638,H1Na1,298.0,36.392
2471,N0.465V1,2600.0,59.622
3158,Nb1,300.0,24.711
1872,I1Li1,2400.0,76.191
1827,Cu1F1,1000.0,63.346
1646,Cl1Na1O4,800.0,175.72799999999998
3856,N4Si3,2000.0,185.435
1569,Fe3O4,2200.0,200.832
4437,S1Sr1,700.0,54.099
2057,C1K2O3,1174.0,205.259
3205,Nb1O2,2500.0,83.052
2830,Li2O2,1000.0,119.704
3347,O2.90W1,2800.0,121.88
3387,Ca1Cl2,800.0,80.919
3730,Li2O5Si2,800.0,222.58900000000003
222,Br3Zr1,1300.0,106.315
3600,F1Li1,2000.0,73.817
4483,V1,2100.0,42.468
1287,Fe1O1,1700.0,64.631
1582,Fe3O4,900.0,273.05
25,Be1I2,400.0,76.868
985,B1N1,3400.0,48.953
3353,O2.90W1,2200.0,114.349
3922,Na2S1,1276.0,211.939
2332,F1K1,1100.0,63.848
3702,Li2O4S1,900.0,209.702
1575,Fe3O4,1600.0,200.832
24,Be1I2,500.0,81.638
601,Br1H4N1,400.0,92.717
136,Br2Ca1,1100.0,91.922
3252,O4Pb3,1400.0,224.262
3544,Br2Mo1,1700.0,94.349
3866,N4Si3,1000.0,158.155
3896,Na2O2,1600.0,113.596
1127,Cr2N1,2100.0,119.955
35,Be1F3Li1,500.0,117.152
1628,H1Na1,1200.0,61.641000000000005
3292,O3W1,500.0,88.641
2560,C1Na2O3,1200.0,200.748
2744,Cu2O5S1,1000.0,212.547
3253,O4Pb3,1300.0,220.078
2815,I3Ti1,800.0,120.424
956,Al2O3,2900.0,143.511
743,Ba1I2,2400.0,112.968
829,Al1H4Li1,1500.0,121.615
2483,N0.465V1,1400.0,47.262
3053,O1Ti1,1400.0,66.442
2937,N1V1,2500.0,68.408
2505,Mg2O4Ti1,2013.0,219.233
106,Be1F2,800.0,74.14
4166,O2Pb1,298.0,61.17
3023,I4Si1,300.0,108.198
4124,O2.72W1,1600.0,103.261
1849,Cr1N1,1200.0,54.392
464,Al1Cl4Na1,300.0,154.808
2088,H2O4W1,900.0,182.422
1072,Br1Na1,400.0,53.451
54,Al2Be1O4,1700.0,191.56
2870,Al2Mg1O4,1600.0,202.238
2802,Na2S2,700.0,121.018
3709,Li2O4S1,300.0,118.026
1751,Be3N2,2800.0,129.67700000000002
1529,F1Na1,2400.0,71.128
1835,Cu1F1,298.0,51.882
1386,Al1Li1O2,500.0,88.40799999999999
3330,O4V2,1500.0,171.429
4536,W1,1700.0,30.807
3913,Na2S1,1900.0,133.888
3581,Cu1,1358.0,33.353
3929,Na2S1,600.0,87.236
4139,O2.96W1,2900.0,124.6
948,Cu1F2,800.0,87.027
4315,O4S1Zn1,1000.0,142.005
1206,F2Hg1,1100.0,91.63
3640,I1K1,298.0,52.777
750,Ba1I2,1700.0,112.968
1450,Cl1Li1O4,1100.0,180.972
2524,Mg2O4Ti1,298.0,128.57399999999998
739,Ba1I2,298.0,77.488
1033,Co1O4S1,500.0,131.545
303,Be2O4Si1,1100.0,176.356
144,Br2Ca1,400.0,77.99
441,B2Be3O6,1800.0,311.206
3388,Ca1Cl2,700.0,79.37
2523,Mg2O4Ti1,300.0,129.026
2113,Ca1S1,1300.0,55.391000000000005
977,Al2O3,900.0,122.662
1011,B1N1,800.0,40.459
2248,H1K1,400.0,44.141000000000005
729,Ba1F2,1200.0,130.541
3157,Nb1,350.0,25.088
3879,N5P3,1000.0,265.266
864,C1Be2,1300.0,85.01100000000001
3327,O4V2,1800.0,177.343
1825,Cu1F1,1200.0,64.057
4542,W1,1100.0,28.017
132,B1H4Na1,298.0,86.48299999999999
2760,K2O2,1100.0,152.917
4282,O3V2,500.0,123.75
808,Be1H2O2,700.0,103.956
3843,N2O4,298.0,122.103
3217,Nb1O2,1400.0,83.052
2326,F1K1,1600.0,70.919
2055,C1K2O3,1300.0,217.066
550,Al1Cl1O1,400.0,64.308
1856,Cr1N1,500.0,49.748000000000005
657,Ba1,768.13,39.066
2020,Hf1,298.0,25.687
1372,Al1Li1O2,1900.0,114.746
1212,F2Hg1,600.0,81.17
4463,Ti1,1200.0,37.233
3417,Na2O5Si2,1147.0,292.88
4505,W1,4700.0,122.12
4159,O2.96W1,900.0,99.37
4110,O2.72W1,298.0,68.283
3265,O3W1,2900.0,128.86700000000002
1502,Be1Cl2,900.0,83.023
2732,Mg1S1,800.0,51.003
1436,Fe1I2,500.0,84.182
3727,Li2O5Si2,1100.0,240.617
3367,O2.90W1,800.0,95.981
1066,Br1Na1,1000.0,61.086000000000006
507,C0.98Nb1,500.0,45.145
1584,Fe3O4,900.0,200.832
1176,Fe0.877S1,700.0,55.56399999999999
701,Be1O4S1,1700.0,200.706
2614,Mo1S2,300.0,63.68
4138,O2.96W1,298.0,72.383
1456,Cl1Li1O4,509.0,144.34
196,Ba1H2O2,681.15,126.022
1543,F1Na1,1100.0,61.756
2736,Mg1S1,400.0,47.614
4307,O4S1Zn1,1600.0,145.185
2526,K1O2,1300.0,95.981
2546,Mo1O3,700.0,95.814
3051,O1Ti1,1600.0,70.04
461,Al1Cl4Na1,600.0,182.422
1915,Fe1S1,1300.0,66.935
3337,O4V2,800.0,155.457
4556,Zn1,700.0,29.9
2533,K1O2,600.0,90.165
3786,Mo2S3,2000.0,175.989
3199,Ca1,450.0,27.643
4125,O2.72W1,1500.0,102.006
4294,O4Pb2Si1,1100.0,190.79
4475,Ti1,300.0,25.276
1137,Cr2N1,1100.0,93.261
1826,Cu1F1,1100.0,63.764
2188,I2Zr1,1400.0,103.01
3056,O1Ti1,1200.0,62.802
1951,I2Pb1,300.0,77.613
3160,O3Ti2,2900.0,157.151
4362,P1,317.3,24.351
292,Be2O4Si1,2200.0,188.38
2024,F2Hg2,1100.0,122.334
3633,H2O2Sr1,800.0,141.628
1096,Cr2O3,800.0,124.29
1267,Br2Sr1,700.0,84.89299999999999
858,C1Be2,1900.0,91.621
2189,I2Zr1,1300.0,102.215
1391,Co1F2,1700.0,86.831
2277,H1K1O1,1000.0,78.65899999999999
4354,P1,900.0,26.485
1094,Cr2O3,1000.0,127.009
2724,Mg1S1,1600.0,54.476000000000006
875,C1Be2,298.0,43.25
2136,I2Mg1,1300.0,92.634
330,Al1,450.0,26.335
4058,O1Sr1,3000.0,69.827
4572,Zr1,1000.0,31.128
1368,Al1Li1O2,298.0,67.777
2316,Mn1,500.0,30.292
1407,Co1F2,298.0,68.90899999999999
1702,F2H1K1,1900.0,100.249
3655,I1K1,600.0,57.3
1542,F1Na1,1200.0,64.266
2917,N1Ti1,1200.0,53.718
194,Ba1H2O2,800.0,130.834
2130,K2O4S1,600.0,172.52700000000002
4329,O4Si1Zr1,2600.0,150.624
1906,Al1I3,464.15,114.614
951,Cu1F2,500.0,77.73899999999999
1755,Be3N2,2473.0,129.606
2420,Al1Na1O2,1700.0,114.751
3320,K1,350.0,38.484
208,Al1Br3,900.0,124.516
48,Al2Be1O4,2200.0,233.098
268,B1Ti1,1800.0,53.128
1487,Fe0.947O1,1000.0,56.873000000000005
134,Br2Ca1,1300.0,99.412
4229,O2Zr1,2900.0,74.475
47,Al2Be1O4,2300.0,248.548
4522,W1,3100.0,43.43
3418,Na2O5Si2,1100.0,292.88
3699,Li2O4S1,298.0,117.608
2539,Mo1O3,1300.0,123.683
270,B1Ti1,1600.0,52.861
849,C1Be2,2700.0,92.35
1920,Fe1S1,800.0,58.56
2797,Mg1O3Ti1,300.0,92.203
764,Ba1I2,500.0,81.546
3785,Mo2S3,2080.0,178.645
2757,K2O2,1400.0,170.99200000000002
312,Be2O4Si1,298.0,95.563
4174,O2Pb1,400.0,67.613
1069,Br1Na1,700.0,57.321000000000005
2955,N1V1,700.0,49.819
3897,Na2O2,1500.0,113.596
3425,Na2O5Si2,800.0,235.162
1883,I1Li1,1300.0,75.375
3747,Mg1,923.0,32.238
3726,Li2O5Si2,1200.0,245.182
3170,O3Ti2,2000.0,153.42700000000002
4527,W1,2600.0,35.246
1448,Cl1Li1O4,1300.0,188.866
2826,Li2O2,1400.0,139.905
3190,O3Ti2,298.0,95.814
1526,F1Na1,2700.0,71.128
2882,Al2Mg1O4,400.0,137.988
2351,Li2O3Si1,1474.0,165.856
1171,Fe0.877S1,1200.0,59.12
4220,O2Ti1,400.0,63.593
1268,Br2Sr1,600.0,82.676
1209,F2Hg1,900.0,87.446
235,Br2Ti1,1300.0,90.174
1572,Fe3O4,1900.0,200.832
3645,I1K1,1500.0,74.92699999999999
2155,Mg1O3Si1,1850.0,122.432
1084,Cr2O3,2000.0,138.168
1848,Cr1N1,1300.0,55.02
1532,F1Na1,2100.0,71.128
4567,Zr1,1400.0,35.806999999999995
445,B2Be3O6,1400.0,302.21
1955,I4Zr1,700.0,135.938
3020,I4Si1,298.0,108.035
3449,O5V2,1100.0,186.606
1417,Br2Fe1,700.0,89.178
3580,Cu1,1400.0,34.258
304,Be2O4Si1,1000.0,174.054
537,Al1Cl1O1,1700.0,82.435
3121,F2Mg1,800.0,78.555
2789,Mg1O3Ti1,1100.0,131.775
969,Al2O3,1700.0,134.306
2921,N1Ti1,800.0,50.618
4043,O1Pb1,1000.0,60.417
3332,O4V2,1300.0,167.33
3653,I1K1,800.0,62.639
2909,N1Ti1,2000.0,60.777
1863,Fe1H3O3,1000.0,164.85
2042,I2Sr1,700.0,88.994
1857,Cr1N1,400.0,49.078
3066,O1Ti1,298.0,39.957
3701,Li2O4S1,1000.0,223.384
447,B2Be3O6,1200.0,296.395
200,Ba1H2O2,300.0,101.797
2064,C1K2O3,500.0,140.049
4135,O2.72W1,500.0,82.927
3255,O4Pb3,1100.0,211.71
1462,Cl2Cu1,1200.0,83.60700000000001
2552,C1Na2O3,298.0,111.003
115,B1H4Na1,1900.0,133.679
3923,Na2S1,1200.0,159.494
3218,Nb1O2,1300.0,83.052
2134,K2O4S1,298.0,131.319
61,Al2Be1O4,1000.0,174.2
2538,Mo1O3,1400.0,128.779
4414,S1,298.0,22.698
619,Al1F6Li3,1500.0,357.732
2723,Mg1S1,1700.0,54.91
1205,F2Hg1,1200.0,93.722
4579,Zr1,400.0,25.935
1185,Cl1Na1,1300.0,75.145
1004,B1N1,1500.0,48.702
2286,H1K1O1,400.0,71.672
3858,N4Si3,1800.0,183.452
2002,Hf1,1800.0,37.868
1555,H3O4P1,700.0,227.777
869,C1Be2,800.0,64.706
3895,Na2O2,1700.0,113.596
3168,O3Ti2,2115.0,153.953
1401,Co1F2,800.0,82.902
798,C1K1N1,800.0,66.471
1175,Fe0.877S1,800.0,53.848
3451,O5V2,943.0,182.004
3088,Nb1O1,2100.0,61.526
146,Br2Ca1,298.0,75.04
4172,O2Pb1,600.0,74.517
535,Al1Cl1O1,1900.0,82.77
249,B1Ti1,3700.0,55.672
2466,N0.465V1,3100.0,64.141
527,Al1Cl1O1,2700.0,83.052
229,Br3Zr1,600.0,104.6
1995,Hf1,2400.0,42.073
1129,Cr2N1,1900.0,114.767
3228,Nb1O2,700.0,75.555
4064,O1Sr1,2500.0,66.551
4070,O1Sr1,1900.0,62.559
4518,W1,3500.0,56.484
3579,Cu1,1500.0,36.425
1753,Be3N2,2600.0,129.639
757,Ba1I2,1000.0,112.968
2323,F1K1,1900.0,71.128
939,Cu1F2,1600.0,94.433
2465,N0.465V1,3200.0,65.01899999999999
3575,Cu1,1900.0,45.095
129,B1H4Na1,500.0,101.797
1896,Al1I3,1400.0,129.501
996,B1N1,2300.0,48.953
4260,O3V2,2600.0,189.978
1629,H1Na1,1100.0,60.668
1823,Cu1F1,1400.0,64.378
2273,H1K1O1,1400.0,78.65899999999999
4500,V1,450.0,26.61
2311,Mn1,980.0,37.572
1488,Fe0.947O1,900.0,55.969
1538,F1Na1,1500.0,70.626
1026,Co1O4S1,1000.0,158.113
1912,Fe1S1,1500.0,77.10600000000001
3597,F1Li1,2300.0,76.248
443,B2Be3O6,1600.0,306.72900000000004
4061,O1Sr1,2800.0,68.517
2043,I2Sr1,600.0,86.274
4504,V1,298.0,24.896
1697,H1Li1,600.0,46.38
2601,Mo1S2,1600.0,83.262
2407,Al1Na1O2,298.0,73.638
1207,F2Hg1,1000.0,89.538
1031,Co1O4S1,700.0,147.27700000000002
3001,Na2O1,1500.0,100.868
2249,H1K1,300.0,38.074
1038,Cu1O1,1800.0,61.726000000000006
20,Be1I2,800.0,86.366
1276,Cl2Hg2,1000.0,120.667
960,Al2O3,2500.0,140.20600000000002
2547,Mo1O3,600.0,91.776
4424,S1Sr1,2000.0,61.505
1545,F1Na1,900.0,57.492
4336,O4Si1Zr1,1900.0,150.624
1295,Fe1O1,1000.0,59.371
3045,O1Ti1,2200.0,80.668
1558,H3O4P1,400.0,136.9
1564,Fe3O4,2700.0,200.832
4560,Zn1,450.0,26.843000000000004
4046,O1Pb1,762.0,57.43
1712,F2H1K1,900.0,100.249
2419,Al1Na1O2,1800.0,116.491
1169,Fe0.877S1,1400.0,67.195
3329,O4V2,1600.0,173.42700000000002
4231,O2Zr1,2700.0,74.475
294,Be2O4Si1,2000.0,186.606
658,Ba1,700.0,42.363
4353,P1,298.0,23.825
1013,B1N1,600.0,35.229
350,B1H3O3,1200.0,173.218
2352,Li2O3Si1,1400.0,163.942
3873,N4Si3,300.0,99.788
2123,Ca1S1,300.0,47.447
3006,Na2O1,1243.15,98.142
1202,F2Hg1,1500.0,99.998
938,Cu1F2,1700.0,94.558
3366,O2.90W1,900.0,97.655
1648,Cl1Na1O4,600.0,160.247
2740,Cu2O5S1,1400.0,230.329
2096,Ca1S1,298.0,47.442
2305,Mn1,1361.0,43.095
1550,F1Na1,400.0,49.597
1824,Cu1F1,1300.0,64.266
2279,H1K1O1,800.0,78.65899999999999
1690,H1Li1,1200.0,78.68
4564,Zn1,298.0,25.387
848,C1Be2,2800.0,92.443
1018,Co1O4S1,1800.0,171.921
2044,I2Sr1,500.0,83.51299999999999
416,Al1F6Na3,700.0,276.822
1483,Fe0.947O1,1400.0,60.358
1899,Al1I3,1100.0,128.875
1465,Cl2Cu1,900.0,81.655
2780,Mg1O3Ti1,1953.0,143.94899999999998
1820,Cu1F1,1700.0,64.434
4555,Zn1,800.0,31.284
2695,Na2O3Si1,900.0,164.84099999999998
411,Al1F6Na3,1100.0,332.461
1102,Cr2O3,305.0,126.775
1861,Fe1H3O3,1200.0,171.12599999999998
738,Ba1F2,300.0,72.304
578,Be1F4Li2,400.0,150.457
2244,H1K1,800.0,56.819
2743,Cu2O5S1,1100.0,217.15
1984,H4I1N1,1200.0,146.44
1950,I2Pb1,400.0,78.85600000000001
1394,Co1F2,1400.0,85.839
2528,K1O2,1100.0,95.395
1281,Cl2Hg2,500.0,109.328
2482,N0.465V1,1500.0,48.455
274,B1Ti1,1200.0,52.325
737,Ba1F2,400.0,75.94
1331,Co1,350.0,25.682
3262,O4Pb3,400.0,173.05
2796,Mg1O3Ti1,400.0,105.244
425,Ca1H2O2,500.0,103.931
451,B2Be3O6,800.0,264.805
1008,B1N1,1100.0,45.815
1978,H4I1N1,1800.0,157.144
410,Al1F6Na3,298.0,215.727
3722,Li2O5Si2,1307.0,248.417
290,Be2O4Si1,2400.0,190.154
1012,B1N1,700.0,38.074
4486,V1,1800.0,38.2
593,Br1H4N1,1000.0,146.02200000000002
3877,N5P3,1200.0,269.868
4333,O4Si1Zr1,2200.0,150.624
1592,H1Na1O1,1400.0,86.023
4423,S1Sr1,2100.0,62.028
198,Ba1H2O2,500.0,118.658
786,C1K1N1,1900.0,66.905
4303,O4S1Zn1,298.0,99.035
3093,Nb1O1,1600.0,57.024
2473,N0.465V1,2400.0,57.907
3368,O2.90W1,700.0,93.931
3644,I1K1,1600.0,75.145
4464,Ti1,1166.0,36.175
748,Ba1I2,1900.0,112.968
1070,Br1Na1,600.0,56.066
2572,C1Na2O3,300.0,111.253
2759,K2O2,1200.0,158.959
68,Al2Be1O4,300.0,105.94
954,Cu1F2,298.0,65.55199999999999
1375,Al1Li1O2,1600.0,110.813
203,Al1Br3,1400.0,124.934
362,Br3Ti1,1200.0,165.111
4559,Zn1,500.0,27.386
2056,C1K2O3,1200.0,207.695
214,Al1Br3,370.6,113.078
1001,B1N1,1800.0,48.953
3125,F2Mg1,400.0,68.484
32,Be1F3Li1,700.0,142.256
1929,Fe1S1,300.0,50.67100000000001
1204,F2Hg1,1300.0,95.814
355,B1H3O3,700.0,137.915
4468,Ti1,800.0,29.472
1992,H4I1N1,400.0,88.99799999999999
3191,Ca1,298.0,25.929
3716,Li2O5Si2,1900.0,262.075
2737,Mg1S1,300.0,45.647
4277,O3V2,1000.0,137.957
2820,I3Ti1,300.0,116.784
1063,Br1Na1,1200.0,63.597
1145,Cr2N1,300.0,66.191
2947,N1V1,1500.0,59.091
1874,I1Li1,2200.0,76.191
240,Br2Ti1,800.0,84.441
2025,F2Hg2,1000.0,120.748
1834,Cu1F1,300.0,51.965
4116,O2.72W1,2400.0,113.303
2520,Mg2O4Ti1,600.0,163.686
3755,Mg1,350.0,25.568
4170,O2Pb1,800.0,77.571
4442,S1Sr1,298.0,48.702
1796,Fe1,800.0,37.949
1104,Cr2O3,298.0,120.366
4311,O4S1Zn1,1200.0,145.185
4144,O2.96W1,2400.0,118.324
3082,Nb1O1,2600.0,65.982
1597,H1Na1O1,900.0,86.023
945,Cu1F2,1100.0,91.588
631,Al1F6Li3,800.0,284.512
1177,Fe0.877S1,600.0,58.11600000000001
2916,N1Ti1,1300.0,54.538
1314,Co1,1500.0,39.748000000000005
2165,Mg1O3Si1,1100.0,120.34
4547,W1,600.0,25.79
2766,K2O2,500.0,115.478
1421,Br2Fe1,500.0,84.726
3434,O5Ti3,1200.0,220.497
2812,I3Ti1,1100.0,122.608
431,B2Be3O6,2800.0,330.829
3384,Ca1Cl2,1045.0,87.09
349,B1H3O3,1300.0,177.653
4024,Ni3S4,400.0,179.43900000000002
2240,H1K1,1200.0,61.923
2115,Ca1S1,1100.0,54.586000000000006
871,C1Be2,600.0,51.89
1309,Co1,1900.0,37.656
4334,O4Si1Zr1,2100.0,150.624
141,Br2Ca1,700.0,81.63
3878,N5P3,1100.0,267.888
1888,I1Li1,800.0,66.107
499,C0.98Nb1,1300.0,53.932
295,Be2O4Si1,1900.0,185.686
3222,Nb1O2,1100.0,92.885
96,B2Mg1,600.0,61.379
1574,Fe3O4,1700.0,200.832
3167,O3Ti2,2200.0,154.306
2930,N1V1,3200.0,74.475
638,Al1F6Li3,300.0,203.133
2319,Mn1,350.0,27.516
2358,Li2O3Si1,800.0,144.43200000000002
2862,Al2Mg1O4,2400.0,231.488
2359,Li2O3Si1,700.0,139.649
2818,I3Ti1,500.0,118.24
1485,Fe0.947O1,1200.0,58.63
3740,Mg1,1600.0,47.013000000000005
2486,N0.465V1,1100.0,43.627
2569,C1Na2O3,600.0,163.30200000000002
227,Br3Zr1,800.0,105.437
2503,Mg2O4Ti1,2200.0,224.752
2161,Mg1O3Si1,1300.0,122.432
453,B2Be3O6,600.0,226.605
975,Al2O3,1100.0,126.608
233,Br3Zr1,298.0,99.483
4074,O1Sr1,1500.0,59.81
3323,O4V2,2100.0,183.092
2014,Hf1,600.0,28.583
1759,Be3N2,2100.0,129.49
1201,F2Hg1,1600.0,102.09
3844,N2O4,400.0,153.636
1131,Cr2N1,1700.0,109.788
3183,O3Ti2,700.0,140.33100000000002
2308,Mn1,1100.0,38.116
4551,W1,350.0,24.644
807,Be1H2O2,800.0,107.495
1315,Co1,1400.0,44.225
1903,Al1I3,700.0,125.063
2060,C1K2O3,900.0,179.515
3086,Nb1O1,2210.0,62.501000000000005
4147,O2.96W1,2100.0,114.558
4349,O4Si1Zr1,600.0,133.679
1989,H4I1N1,700.0,110.458
3049,O1Ti1,1800.0,73.597
2803,Na2S2,600.0,115.445
130,B1H4Na1,400.0,94.558
3119,F2Mg1,1000.0,80.49600000000001
653,Ba1,1000.0,39.066
307,Be2O4Si1,700.0,158.866
1626,H1Na1,1400.0,63.021
678,Br4Ti1,311.4,133.779
2541,Mo1O3,1100.0,113.792
1313,Co1,1600.0,38.284
2099,Ca1S1,2700.0,60.668
3546,Br2Mo1,1500.0,92.257
2720,Mg1S1,2000.0,56.024
656,Ba1,768.13,48.103
1153,Cl1Li1,1300.0,70.452
3324,O4V2,2000.0,181.192
1061,Br1Na1,1400.0,66.107
2515,Mg2O4Ti1,1100.0,187.778
103,Be1F2,1000.0,80.835
4498,V1,600.0,27.489
1741,Hg1O1,900.0,58.626000000000005
826,Al1H4Li1,1800.0,123.247
2568,C1Na2O3,700.0,187.569
4152,O2.96W1,1600.0,108.282
2059,C1K2O3,1000.0,188.949
800,C1K1N1,600.0,66.392
742,Ba1I2,2500.0,112.968
3614,F1Li1,700.0,53.723
124,B1H4Na1,1000.0,127.445
2131,K2O4S1,500.0,160.733
4552,W1,300.0,24.313
567,Be1F4Li2,1400.0,299.55400000000003
723,Ba1F2,1480.0,107.104
667,Br4Ti1,1400.0,133.779
251,B1Ti1,3500.0,55.405
717,Ba1F2,1900.0,107.654
452,B2Be3O6,700.0,247.567
3883,N5P3,600.0,234.304
1274,Cl2Hg2,1200.0,123.846
3611,F1Li1,1000.0,59.58
1689,H1Li1,1300.0,83.994
4562,Zn1,350.0,25.889
2287,H1K1O1,300.0,65.01100000000001
2924,N1Ti1,500.0,47.057
961,Al2O3,2400.0,139.453
1191,Cl1Na1,800.0,59.312
3741,Mg1,1500.0,44.238
2029,F2Hg2,600.0,111.671
2198,I2Zr1,500.0,95.855
1846,Cr1N1,1500.0,56.379
4230,O2Zr1,2800.0,74.475
1770,Be3N2,1000.0,123.612
3128,Nb1,3000.0,50.41
1742,Hg1O1,800.0,57.50899999999999
3860,N4Si3,1600.0,180.548
789,C1K1N1,1600.0,66.78699999999999
1549,F1Na1,500.0,51.262
2408,Al1Na1O2,2900.0,129.243
2865,Al2Mg1O4,2100.0,220.622
1052,Cu1O1,400.0,46.806
1093,Cr2O3,1100.0,128.202
4223,O2Zr1,3400.0,74.475
2341,Li2O3Si1,2400.0,186.461
794,C1K1N1,1100.0,66.59
3259,O4Pb3,700.0,194.974
1471,Cl2Cu1,300.0,71.923
4481,V1,2200.0,44.32899999999999
4447,Sr1,1000.0,34.139
3855,N4Si3,2100.0,185.78
3848,N4Si3,2800.0,187.818
1463,Cl2Cu1,1100.0,83.001
1300,Fe1O1,500.0,53.388000000000005
1051,Cu1O1,500.0,49.261
1767,Be3N2,1300.0,127.926
3352,O2.90W1,2300.0,115.604
2363,Li2O3Si1,300.0,101.01
104,Be1F2,900.0,77.488
3351,O2.90W1,2400.0,116.859
3341,O4V2,400.0,135.281
432,B2Be3O6,2700.0,328.904
704,Be1O4S1,1400.0,196.581
102,Be1F2,1100.0,84.182
1489,Fe0.947O1,800.0,55.041
2699,Na2O3Si1,500.0,138.716
285,Be2O4Si1,2900.0,194.58900000000003
4286,O4Pb2Si1,1900.0,201.292
2282,H1K1O1,600.0,78.65899999999999
2984,Ni1S1,1200.0,68.743
1571,Fe3O4,2000.0,200.832
1686,Cu1O4S1,300.0,99.286
2792,Mg1O3Ti1,800.0,125.382
3044,O1Ti1,2300.0,82.46700000000001
3285,O3W1,1050.0,102.508
4050,O1Pb1,400.0,50.375
1293,Fe1O1,1200.0,61.086000000000006
1893,I1Li1,300.0,50.187
1458,Cl1Li1O4,400.0,129.704
3448,O5V2,1200.0,189.535
2791,Mg1O3Ti1,900.0,127.846
449,B2Be3O6,1000.0,286.269
3603,F1Li1,0.0,70.54899999999999
1947,I2Pb1,683.0,87.78
1415,Br2Fe1,900.0,93.63
4130,O2.72W1,1000.0,95.019
4478,V1,2500.0,50.103
2519,Mg2O4Ti1,700.0,169.582
838,Al1H4Li1,600.0,106.901
3725,Li2O5Si2,1209.0,245.55900000000003
3595,F1Li1,298.0,41.815
3423,Na2O5Si2,951.0,242.316
995,B1N1,2400.0,48.953
2298,Mn1,1600.0,46.803
997,B1N1,2200.0,48.953
539,Al1Cl1O1,1500.0,81.961
1600,H1Na1O1,600.0,86.023
122,B1H4Na1,1200.0,131.754
3639,H2O2Sr1,300.0,75.145
998,B1N1,2100.0,48.953
4134,O2.72W1,600.0,86.985
731,Ba1F2,1000.0,94.558
1284,Cl2Hg2,298.0,101.968
4545,W1,800.0,26.669
1151,Cl1Li1,1500.0,74.598
3359,O2.90W1,1600.0,106.818
4302,O4Pb2Si1,300.0,137.235
4352,O4Si1Zr1,300.0,99.119
1687,Cu1O4S1,298.0,98.868
828,Al1H4Li1,1600.0,122.173
40,Al1Cl4K1,800.0,196.648
4335,O4Si1Zr1,2000.0,150.624
3141,Nb1,1800.0,31.903
463,Al1Cl4Na1,400.0,164.808
1798,Fe1,600.0,32.049
3015,Na2O1,600.0,85.709
2991,Ni1S1,652.0,53.152
59,Al2Be1O4,1200.0,179.48
2430,Al1Na1O2,740.0,99.788
3931,Na2S1,400.0,84.30799999999999
4157,O2.96W1,1100.0,102.215
4327,O4Si1Zr1,2800.0,150.624
3720,Li2O5Si2,1500.0,254.868
4328,O4Si1Zr1,2700.0,150.624
3371,O2.90W1,400.0,80.333
337,Br2Hg2,1100.0,122.539
4154,O2.96W1,1400.0,106.106
1718,F2H1K1,469.85,92.45
1140,Cr2N1,800.0,84.977
3282,O3W1,1300.0,102.238
790,C1K1N1,1500.0,66.747
1474,Fe0.947O1,2300.0,64.601
1186,Cl1Na1,1200.0,71.965
1043,Cu1O1,1300.0,57.8
1885,I1Li1,1100.0,73.53399999999999
1384,Al1Li1O2,700.0,95.751
3442,O5Ti3,450.0,189.954
1895,Al1I3,298.0,98.91
861,C1Be2,1600.0,90.023
3613,F1Li1,800.0,55.731
125,B1H4Na1,900.0,124.265
592,Br1H4N1,1100.0,154.102
1067,Br1Na1,900.0,59.831
3443,O5Ti3,400.0,182.841
4525,W1,2800.0,37.447
844,C1Be2,3200.0,92.786
727,Ba1F2,1240.0,194.914
1020,Co1O4S1,1600.0,169.075
4485,V1,1900.0,39.539
3555,Br2Mo1,600.0,82.84299999999999
3207,Nb1O2,2300.0,83.052
2150,Mg1O3Si1,2300.0,122.432
1716,F2H1K1,511.95,100.249
822,Cs1,300.0,32.355
946,Cu1F2,1000.0,90.374
1802,Fe1,350.0,26.287
1049,Cu1O1,700.0,52.24
749,Ba1I2,1800.0,112.968
1277,Cl2Hg2,900.0,118.826
1921,Fe1S1,700.0,59.808
2093,H2O4W1,400.0,129.704
2469,N0.465V1,2800.0,61.505
414,Al1F6Na3,836.0,295.809
1413,Br2Fe1,1000.0,95.855
1124,Cr2N1,2400.0,127.277
195,Ba1H2O2,700.0,126.775
1720,F2H1K1,400.0,86.065
39,Al1Cl4K1,900.0,199.995
4120,O2.72W1,2000.0,108.282
2835,Li2O2,500.0,90.793
1380,Al1Li1O2,1100.0,103.654
2821,Li2O2,1900.0,163.628
2304,Mn1,1361.0,39.204
26,Be1I2,300.0,69.128
4473,Ti1,400.0,26.862
2926,N1Ti1,300.0,37.238
2285,H1K1O1,500.0,79.58
1434,Fe1I2,650.0,87.86399999999999
3932,Na2S1,0.0,82.84299999999999
3340,O4V2,500.0,143.269
2139,I2Mg1,1000.0,88.994
117,B1H4Na1,1700.0,133.511
2089,H2O4W1,800.0,176.565
1197,Cl1Na1,298.0,50.50899999999999
4418,S1Sr1,2600.0,64.643
1897,Al1I3,1300.0,129.319
2701,Na2O3Si1,300.0,112.395
3096,Nb1O1,1300.0,54.287
964,Al2O3,2200.0,138.03
3917,Na2S1,1500.0,133.888
4285,O4Pb2Si1,298.0,136.984
2306,Mn1,1300.0,38.953
4389,Pb1S1,1100.0,57.153
4227,O2Zr1,3000.0,74.475
2350,Li2O3Si1,1500.0,166.523
2770,Mg1O3Ti1,2900.0,158.30200000000002
4530,W1,2300.0,33.736
4160,O2.96W1,800.0,97.404
1085,Cr2O3,1900.0,136.88
3719,Li2O5Si2,1600.0,257.73400000000004
2114,Ca1S1,1200.0,55.02
716,Ba1F2,298.0,72.204
1476,Fe0.947O1,2100.0,64.238
52,Al2Be1O4,1900.0,201.57
1319,Co1,1200.0,43.221
549,Al1Cl1O1,500.0,69.203
594,Br1H4N1,900.0,136.817
979,Al2O3,700.0,116.926
1080,Cr2O3,2400.0,141.733
1159,Cl1Li1,800.0,59.93600000000001
1924,Fe1S1,598.0,62.085
3543,Br2Mo1,298.0,79.684
2943,N1V1,1900.0,62.969
3609,F1Li1,1121.3,61.883
2822,Li2O2,1800.0,159.005
3549,Br2Mo1,1200.0,89.119
2561,C1Na2O3,1123.15,195.101
2959,N1V1,300.0,38.2
2605,Mo1S2,1200.0,79.998
2804,Na2S2,500.0,109.872
2570,C1Na2O3,500.0,142.214
1079,Cr2O3,2500.0,142.628
256,B1Ti1,3000.0,54.735
4348,O4Si1Zr1,700.0,138.825
2875,Al2Mg1O4,1100.0,182.853
1479,Fe0.947O1,1800.0,63.304
97,B2Mg1,500.0,58.409
762,Ba1I2,700.0,85.521
698,Be1O4S1,2000.0,200.832
3233,Nb1O2,298.0,57.452
597,Br1H4N1,600.0,102.424
1801,Fe1,400.0,27.386
2132,K2O4S1,400.0,147.649
4534,W1,1900.0,31.765
2600,Mo1S2,1700.0,84.057
3224,Nb1O2,1090.0,92.885
621,Al1F6Li3,1300.0,336.81199999999995
1162,Cl1Li1,500.0,53.342
3186,O3Ti2,470.01,141.716
1694,H1Li1,900.0,62.676
2009,Hf1,1100.0,32.759
2058,C1K2O3,1100.0,198.321
87,B2Mg1,1500.0,83.64299999999999
1396,Co1F2,1300.0,85.475
2092,H2O4W1,500.0,146.44
4521,W1,3200.0,46.024
2116,Ca1S1,1000.0,54.099
3189,O3Ti2,300.0,96.19
1016,B1N1,300.0,19.849
1101,Cr2O3,305.0,126.775
4432,S1Sr1,1200.0,57.321000000000005
4550,W1,400.0,24.928
370,Br3Ti1,400.0,105.818
3554,Br2Mo1,700.0,83.889
620,Al1F6Li3,1400.0,347.272
2061,C1K2O3,800.0,170.043
1994,H4I1N1,298.0,81.755
3853,N4Si3,2300.0,186.429
2153,Mg1O3Si1,2000.0,122.432
3146,Nb1,1300.0,29.179
4409,S1,450.0,25.92
2684,Na2O3Si1,1900.0,200.556
323,Al1,1000.0,34.358000000000004
2997,Na2O1,1900.0,104.47
2337,F1K1,600.0,54.266000000000005
3060,O1Ti1,800.0,55.187
4553,W1,298.0,24.295
1792,Fe1,1042.0,83.68
36,Be1F3Li1,400.0,104.6
3928,Na2S1,0.0,88.70100000000001
2995,Ni1S1,300.0,47.196000000000005
4122,O2.72W1,1800.0,105.772
116,B1H4Na1,1800.0,133.553
1501,Be1Cl2,1000.0,83.68
3799,Mo2S3,700.0,131.405
4072,O1Sr1,1700.0,61.199
261,B1Ti1,2500.0,54.066
4420,S1Sr1,2400.0,63.597
424,Ca1H2O2,600.0,107.445
3117,F2Mg1,1200.0,81.877
1688,H1Li1,1400.0,89.29899999999999
3424,Na2O5Si2,900.0,240.325
4044,O1Pb1,900.0,59.162
4425,S1Sr1,1900.0,60.982
3921,Na2S1,1276.0,211.921
340,Br2Hg2,800.0,119.118
672,Br4Ti1,900.0,133.779
2478,N0.465V1,1900.0,52.928
2941,N1V1,2100.0,64.852
1587,Fe3O4,600.0,212.547
2008,Hf1,1200.0,33.572
4566,Zr1,1500.0,36.846
3410,Na2O5Si2,1800.0,292.88
2091,H2O4W1,600.0,159.829
4524,W1,2900.0,39.12
2048,C1K2O3,298.0,114.437
2464,N0.465V1,3300.0,65.898
2595,Mo1S2,2200.0,87.906
2362,Li2O3Si1,400.0,118.826
2746,Cu2O5S1,800.0,202.129
2884,N1Ti1,4400.0,84.152
3743,Mg1,1300.0,39.316
2502,Mg2O4Ti1,2300.0,227.593
3456,O5V2,500.0,161.753
867,C1Be2,1000.0,73.249
2869,Al2Mg1O4,1700.0,205.962
2823,Li2O2,1700.0,154.31799999999998
651,Ba1,1100.0,39.066
2355,Li2O3Si1,1100.0,155.576
2467,N0.465V1,3000.0,63.304
1763,Be3N2,1700.0,129.319
2857,Al2Mg1O4,298.0,116.198
1103,Cr2O3,300.0,121.922
2312,Mn1,900.0,36.384
2876,Al2Mg1O4,1000.0,178.657
2317,Mn1,450.0,30.02
4411,S1,368.3,24.246
2831,Li2O2,900.0,114.432
525,Al1Cl1O1,2900.0,83.052
1200,F2Hg1,1700.0,104.182
3426,Na2O5Si2,700.0,227.84
1713,F2H1K1,800.0,100.249
3617,F1Li1,400.0,46.543
3636,H2O2Sr1,600.0,115.018
2479,N0.465V1,1800.0,51.999
4204,O2Ti1,298.0,55.271
3171,O3Ti2,1900.0,152.925
4081,O1Sr1,800.0,54.3
3796,Mo2S3,1000.0,142.297
2007,Hf1,1300.0,34.372
4338,O4Si1Zr1,1700.0,150.624
1956,I4Zr1,600.0,134.599
2296,Mn1,1800.0,48.446000000000005
2756,K2O2,1500.0,176.983
3288,O3W1,900.0,99.923
4243,O2Zr1,1500.0,74.475
1632,H1Na1,800.0,56.066
2175,Mg1O3Si1,300.0,82.228
3642,I1K1,1800.0,75.291
1132,Cr2N1,1600.0,107.027
1285,Fe1O1,1900.0,65.79
2816,I3Ti1,700.0,119.696
984,B1N1,298.0,19.719
989,B1N1,3000.0,48.953
1388,Al1Li1O2,300.0,68.128
484,C0.98Nb1,2800.0,61.672
4257,O2Zr1,300.0,56.262
4052,O1Sr1,298.0,45.409
4252,O2Zr1,800.0,73.45
2315,Mn1,600.0,31.899
4262,O3V2,2400.0,183.086
3264,O4Pb3,298.0,154.934
936,Cu1F2,1900.0,94.558
4493,V1,1100.0,30.878
2749,Cu2O5S1,500.0,176.983
3587,Cu1,800.0,27.494
3112,F2Mg1,1600.0,83.92299999999999
1987,H4I1N1,900.0,124.976
2610,Mo1S2,700.0,75.01899999999999
3062,O1Ti1,600.0,50.836000000000006
4276,O3V2,1100.0,140.786
2036,I2Sr1,1200.0,102.717
371,Br3Ti1,300.0,101.776
752,Ba1I2,1500.0,112.968
1429,Fe1I2,900.0,126.224
2752,K2O2,1900.0,200.782
1803,Fe1,300.0,25.14
1393,Co1F2,1500.0,86.186
4356,P1,700.0,26.485
1581,Fe3O4,1000.0,200.832
2562,C1Na2O3,1100.0,192.046
3607,F1Li1,1300.0,64.892
2166,Mg1O3Si1,1000.0,120.34
2904,N1Ti1,2500.0,65.517
4359,P1,450.0,25.997
4514,W1,3800.0,72.697
2689,Na2O3Si1,1400.0,184.736
2944,N1V1,1800.0,62.049
430,B2Be3O6,2900.0,332.754
700,Be1O4S1,1800.0,200.832
1722,F2H1K1,298.0,76.94
2310,Mn1,980.0,37.545
3390,Ca1Cl2,500.0,77.153
3735,Li2O5Si2,300.0,138.909
88,B2Mg1,1400.0,81.17
3380,Ca1Cl2,1400.0,97.487
1449,Cl1Li1O4,1200.0,184.933
3926,Na2S1,900.0,91.337
331,Al1,400.0,25.784
660,Ba1,582.53,54.4
2412,Al1Na1O2,2500.0,126.237
4582,Zr1,298.0,25.202
332,Al1,350.0,25.113000000000003
3756,Mg1,300.0,24.897
955,Al2O3,298.0,79.015
570,Be1F4Li2,1100.0,254.819
823,Cs1,298.0,32.195
230,Br3Zr1,500.0,103.763
4115,O2.72W1,2500.0,114.558
2534,K1O2,500.0,87.655
4479,V1,2400.0,48.179
2530,K1O2,900.0,94.224
815,Cs1,700.0,37.614
2117,Ca1S1,900.0,53.555
3126,F2Mg1,300.0,61.68899999999999
4129,O2.72W1,1100.0,96.441
3059,O1Ti1,900.0,57.153
1910,Fe1S1,1700.0,91.174
2714,Mg1S1,2600.0,58.534
4578,Zr1,450.0,26.246
2951,N1V1,1100.0,54.806
3196,Ca1,700.0,32.406
804,C1K1N1,298.0,66.391
600,Br1H4N1,411.0,72.867
675,Br4Ti1,600.0,133.779
3102,Nb1O1,700.0,48.369
2906,N1Ti1,2300.0,63.605
814,Cs1,800.0,37.635
486,C0.98Nb1,2600.0,60.668
3802,Mo2S3,400.0,117.464
1757,Be3N2,2300.0,129.559
2719,Mg1S1,2100.0,56.468
360,Br3Ti1,1400.0,172.015
4121,O2.72W1,1900.0,107.027
2509,Mg2O4Ti1,1700.0,209.367
1605,H1Na1O1,400.0,64.936
722,Ba1F2,1500.0,107.654
2162,Mg1O3Si1,1258.0,120.34
1700,H1Li1,300.0,28.083
1773,Be3N2,700.0,112.922
1785,Fe1,1600.0,40.459
4065,O1Sr1,2400.0,65.89
2168,Mg1O3Si1,903.0,120.34
2174,Mg1O3Si1,400.0,94.194
212,Al1Br3,500.0,123.846
89,B2Mg1,1300.0,78.795
4234,O2Zr1,2400.0,74.475
2512,Mg2O4Ti1,1400.0,199.091
1172,Fe0.877S1,1100.0,55.396
4448,Sr1,900.0,33.027
1478,Fe0.947O1,1900.0,63.696000000000005
3792,Mo2S3,1400.0,155.957
2731,Mg1S1,900.0,51.463
3163,O3Ti2,2600.0,155.98
1927,Fe1S1,411.0,72.358
2498,Mg2O4Ti1,2700.0,238.212
298,Be2O4Si1,1600.0,182.849
252,B1Ti1,3400.0,55.271
2431,Al1Na1O2,740.0,97.696
1216,F2Hg1,298.0,74.85600000000001
4293,O4Pb2Si1,1200.0,192.046
2245,H1K1,700.0,54.606
1930,Fe1S1,298.0,50.517
4343,O4Si1Zr1,1200.0,149.704
324,Al1,933.45,32.959
197,Ba1H2O2,600.0,122.717
2609,Mo1S2,800.0,76.232
204,Al1Br3,1300.0,124.851
3065,O1Ti1,300.0,40.062
4280,O3V2,700.0,130.071
1328,Co1,500.0,28.2
1799,Fe1,500.0,29.702
4492,V1,1200.0,31.798
2922,N1Ti1,700.0,49.781000000000006
2428,Al1Na1O2,900.0,100.525
3862,N4Si3,1400.0,175.92
1071,Br1Na1,500.0,54.852
1877,I1Li1,1900.0,76.191
1258,Br2Sr1,1300.0,115.06
3605,F1Li1,1500.0,67.906
4232,O2Zr1,2600.0,74.475
1192,Cl1Na1,700.0,57.20399999999999
305,Be2O4Si1,900.0,170.74900000000002
3553,Br2Mo1,800.0,84.935
4517,W1,3600.0,61.714
3293,O3W1,400.0,82.209
1133,Cr2N1,1500.0,104.265
2154,Mg1O3Si1,1900.0,122.432
4452,Sr1,600.0,29.814
253,B1Ti1,3300.0,55.137
436,B2Be3O6,2300.0,321.582
3223,Nb1O2,1090.0,91.144
329,Al1,500.0,26.842
2169,Mg1O3Si1,900.0,119.675
1261,Br2Sr1,1000.0,115.06
801,C1K1N1,500.0,66.354
4171,O2Pb1,700.0,76.21
4325,O4Si1Zr1,298.0,98.659
1272,Cl2Hg2,1400.0,126.311
2893,N1Ti1,3500.0,75.262
3216,Nb1O2,1500.0,83.052
3180,O3Ti2,1000.0,146.356
3615,F1Li1,600.0,51.589
3885,N5P3,400.0,192.46400000000003
2790,Mg1O3Ti1,1000.0,129.938
3166,O3Ti2,2300.0,154.766
715,Be1O4S1,300.0,86.111
753,Ba1I2,1400.0,112.968
2170,Mg1O3Si1,800.0,115.78
2911,N1Ti1,1800.0,58.927
534,Al1Cl1O1,2000.0,82.885
2477,N0.465V1,2000.0,53.974
143,Br2Ca1,500.0,79.454
1544,F1Na1,1000.0,59.505
3118,F2Mg1,1100.0,81.237
3055,O1Ti1,1265.0,63.998000000000005
719,Ba1F2,1700.0,107.654
2344,Li2O3Si1,2100.0,180.537
3641,I1K1,1900.0,75.317
1828,Cu1F1,900.0,62.802
2137,I2Mg1,1200.0,91.462
1005,B1N1,1400.0,48.283
258,B1Ti1,2800.0,54.467
1146,Cr2N1,298.0,66.065
327,Al1,700.0,29.1
1747,Hg1O1,300.0,44.145
755,Ba1I2,1200.0,112.968
4519,W1,3400.0,52.3
4417,S1Sr1,2700.0,65.166
3440,O5Ti3,600.0,200.832
3857,N4Si3,1900.0,184.539
803,C1K1N1,300.0,66.383
1036,Co1O4S1,298.0,103.219
2004,Hf1,1600.0,36.466
1847,Cr1N1,1400.0,55.68899999999999
111,Be1F2,500.0,64.09899999999999
2874,Al2Mg1O4,1200.0,186.895
2110,Ca1S1,1600.0,56.317
2521,Mg2O4Ti1,500.0,156.41
2151,Mg1O3Si1,2200.0,122.432
4563,Zn1,300.0,25.406
1670,Cu1O4S1,1900.0,168.908
953,Cu1F2,300.0,65.689
2163,Mg1O3Si1,1258.0,122.432
2934,N1V1,2800.0,71.044
1996,Hf1,2300.0,41.372
2361,Li2O3Si1,500.0,127.809
2148,I2Mg1,298.0,74.81
127,B1H4Na1,700.0,115.269
1097,Cr2O3,700.0,122.625
3875,N5P3,1400.0,271.904
1881,I1Li1,1500.0,76.191
2897,N1Ti1,3200.0,72.316
1208,F2Hg1,918.0,87.822
4453,Sr1,500.0,28.785
284,B1Ti1,298.0,29.673
2062,C1K2O3,700.0,160.483
3094,Nb1O1,1500.0,56.117
2777,Mg1O3Ti1,2200.0,147.394
1278,Cl2Hg2,800.0,116.817
1286,Fe1O1,1800.0,65.229
1833,Cu1F1,400.0,55.145
3169,O3Ti2,2100.0,153.888
2877,Al2Mg1O4,900.0,174.238
3552,Br2Mo1,900.0,85.98100000000001
1954,I4Zr1,800.0,137.15200000000002
1399,Co1F2,1000.0,84.161
281,B1Ti1,500.0,45.714
4239,O2Zr1,1900.0,74.475
3064,O1Ti1,400.0,44.978
4226,O2Zr1,3100.0,74.475
2613,Mo1S2,400.0,68.91
718,Ba1F2,1800.0,107.654
4273,O3V2,1400.0,149.841
3109,F2Mg1,1900.0,85.178
3592,Cu1,400.0,25.318
4132,O2.72W1,800.0,91.839
2948,N1V1,1400.0,58.045
1427,Fe1I2,1100.0,141.188
2328,F1K1,1400.0,69.789
986,B1N1,3300.0,48.953
709,Be1O4S1,900.0,162.046
1167,Fe0.877S1,1600.0,79.161
1650,Cl1Na1O4,581.0,158.57399999999998
4326,O4Si1Zr1,2900.0,150.624
1819,Cu1F1,1800.0,64.434
2307,Mn1,1200.0,38.535
2890,N1Ti1,3800.0,78.215
4436,S1Sr1,800.0,54.894
630,Al1F6Li3,848.0,289.533
2872,Al2Mg1O4,1400.0,194.686
4082,O1Sr1,700.0,53.262
854,C1Be2,2300.0,91.964
2522,Mg2O4Ti1,400.0,146.285
1783,Fe1,1700.0,41.463
4310,O4S1Zn1,1300.0,145.185
3000,Na2O1,1600.0,101.822
2806,Na2S2,300.0,98.726
3087,Nb1O1,2200.0,62.413
